"date"	"Province"	"Cases"	"Deaths"	"Recovered"	"Tests"
2020-03-18	"DN"	14	0	0	0
2020-03-18	"SAM"	4	0	0	0
2020-03-18	"STGO"	3	0	0	0
2020-03-18	"PPLATA"	3	0	0	0
2020-03-18	"ALT"	2	0	0	0
2020-03-18	"SD"	2	0	0	0
2020-03-18	"MIRABAL"	2	0	0	0
2020-03-18	"DTE"	2	0	0	0
2020-03-18	"SPM"	1	0	0	0
2020-03-18	"SJUAN"	1	0	0	0
2020-03-18	"AZUA"	0	0	0	0
2020-03-18	"BAO"	0	0	0	0
2020-03-18	"BARA"	0	0	0	0
2020-03-18	"DJBON"	0	0	0	0
2020-03-18	"EP"	0	0	0	0
2020-03-18	"SEIBO"	0	0	0	0
2020-03-18	"ESP"	0	0	0	0
2020-03-18	"IND"	0	0	0	0
2020-03-18	"ROM"	0	0	0	0
2020-03-18	"VEGA"	0	0	0	0
2020-03-18	"MTS"	0	0	0	0
2020-03-18	"MC"	0	0	0	0
2020-03-18	"PED"	0	0	0	0
2020-03-18	"PERV"	0	0	0	0
2020-03-18	"SCBAL"	0	0	0	0
2020-03-18	"SRAM"	0	0	0	0
2020-03-18	"SROD"	0	0	0	0
2020-03-18	"VALV"	0	0	0	0
2020-03-18	"NOUEL"	0	0	0	0
2020-03-18	"MPLATA"	0	0	0	0
2020-03-18	"HMAYOR"	0	0	0	0
2020-03-18	"OCOA"	0	0	0	0
2020-03-19	"DN"	14	0	0	0
2020-03-19	"SAM"	4	0	0	0
2020-03-19	"STGO"	3	0	0	0
2020-03-19	"PPLATA"	3	0	0	0
2020-03-19	"ALT"	2	0	0	0
2020-03-19	"SD"	2	0	0	0
2020-03-19	"MIRABAL"	2	0	0	0
2020-03-19	"DTE"	2	0	0	0
2020-03-19	"SPM"	1	0	0	0
2020-03-19	"SJUAN"	1	0	0	0
2020-03-19	"AZUA"	0	0	0	0
2020-03-19	"BAO"	0	0	0	0
2020-03-19	"BARA"	0	0	0	0
2020-03-19	"DJBON"	0	0	0	0
2020-03-19	"EP"	0	0	0	0
2020-03-19	"SEIBO"	0	0	0	0
2020-03-19	"ESP"	0	0	0	0
2020-03-19	"IND"	0	0	0	0
2020-03-19	"ROM"	0	0	0	0
2020-03-19	"VEGA"	0	0	0	0
2020-03-19	"MTS"	0	0	0	0
2020-03-19	"MC"	0	0	0	0
2020-03-19	"PED"	0	0	0	0
2020-03-19	"PERV"	0	0	0	0
2020-03-19	"SCBAL"	0	0	0	0
2020-03-19	"SRAM"	0	0	0	0
2020-03-19	"SROD"	0	0	0	0
2020-03-19	"VALV"	0	0	0	0
2020-03-19	"NOUEL"	0	0	0	0
2020-03-19	"MPLATA"	0	0	0	0
2020-03-19	"HMAYOR"	0	0	0	0
2020-03-19	"OCOA"	0	0	0	0
2020-03-20	"DN"	51	0	0	0
2020-03-20	"AZUA"	2	0	0	0
2020-03-20	"BAO"	0	0	0	0
2020-03-20	"BARA"	1	0	0	0
2020-03-20	"DJBON"	0	0	0	0
2020-03-20	"DTE"	4	1	0	0
2020-03-20	"EP"	0	0	0	0
2020-03-20	"SEIBO"	0	0	0	0
2020-03-20	"ESP"	1	0	0	0
2020-03-20	"IND"	0	0	0	0
2020-03-20	"ALT"	7	0	0	0
2020-03-20	"ROM"	0	0	0	0
2020-03-20	"VEGA"	4	0	0	0
2020-03-20	"MTS"	2	0	0	0
2020-03-20	"MC"	0	0	0	0
2020-03-20	"PED"	0	0	0	0
2020-03-20	"PERV"	0	0	0	0
2020-03-20	"PPLATA"	3	0	0	0
2020-03-20	"MIRABAL"	2	0	0	0
2020-03-20	"SAM"	4	0	0	0
2020-03-20	"SCBAL"	1	0	0	0
2020-03-20	"SJUAN"	1	1	0	0
2020-03-20	"SPM"	4	1	0	0
2020-03-20	"SRAM"	0	0	0	0
2020-03-20	"STGO"	12	0	0	0
2020-03-20	"SROD"	0	0	0	0
2020-03-20	"VALV"	1	0	0	0
2020-03-20	"NOUEL"	1	0	0	0
2020-03-20	"MPLATA"	1	0	0	0
2020-03-20	"HMAYOR"	0	0	0	0
2020-03-20	"OCOA"	0	0	0	0
2020-03-20	"SD"	10	0	0	0
2020-03-21	"DN"	88	0	0	0
2020-03-21	"AZUA"	2	0	0	0
2020-03-21	"BAO"	0	0	0	0
2020-03-21	"BARA"	1	0	0	0
2020-03-21	"DJBON"	0	0	0	0
2020-03-21	"DTE"	8	1	0	0
2020-03-21	"EP"	0	0	0	0
2020-03-21	"SEIBO"	0	0	0	0
2020-03-21	"ESP"	1	0	0	0
2020-03-21	"IND"	0	0	0	0
2020-03-21	"ALT"	7	0	0	0
2020-03-21	"ROM"	3	0	0	0
2020-03-21	"VEGA"	7	0	0	0
2020-03-21	"MTS"	2	0	0	0
2020-03-21	"MC"	0	0	0	0
2020-03-21	"PED"	0	0	0	0
2020-03-21	"PERV"	0	0	0	0
2020-03-21	"PPLATA"	3	0	0	0
2020-03-21	"MIRABAL"	2	0	0	0
2020-03-21	"SAM"	4	0	0	0
2020-03-21	"SCBAL"	1	0	0	0
2020-03-21	"SJUAN"	2	1	0	0
2020-03-21	"SPM"	6	1	0	0
2020-03-21	"SRAM"	1	0	0	0
2020-03-21	"STGO"	29	0	0	0
2020-03-21	"SROD"	0	0	0	0
2020-03-21	"VALV"	1	0	0	0
2020-03-21	"NOUEL"	2	0	0	0
2020-03-21	"MPLATA"	1	0	0	0
2020-03-21	"HMAYOR"	0	0	0	0
2020-03-21	"OCOA"	0	0	0	0
2020-03-21	"SD"	31	0	0	0
2020-03-22	"DN"	108	0	0	0
2020-03-22	"AZUA"	2	0	0	0
2020-03-22	"BAO"	0	0	0	0
2020-03-22	"BARA"	1	0	0	0
2020-03-22	"DJBON"	0	0	0	0
2020-03-22	"DTE"	17	1	0	0
2020-03-22	"EP"	0	0	0	0
2020-03-22	"SEIBO"	0	0	0	0
2020-03-22	"ESP"	1	0	0	0
2020-03-22	"IND"	0	0	0	0
2020-03-22	"ALT"	7	0	0	0
2020-03-22	"ROM"	6	0	0	0
2020-03-22	"VEGA"	7	0	0	0
2020-03-22	"MTS"	2	0	0	0
2020-03-22	"MC"	0	0	0	0
2020-03-22	"PED"	0	0	0	0
2020-03-22	"PERV"	0	0	0	0
2020-03-22	"PPLATA"	3	0	0	0
2020-03-22	"MIRABAL"	3	0	0	0
2020-03-22	"SAM"	4	0	0	0
2020-03-22	"SCBAL"	1	0	0	0
2020-03-22	"SJUAN"	2	1	0	0
2020-03-22	"SPM"	7	1	0	0
2020-03-22	"SRAM"	1	0	0	0
2020-03-22	"STGO"	30	0	0	0
2020-03-22	"SROD"	0	0	0	0
2020-03-22	"VALV"	1	0	0	0
2020-03-22	"NOUEL"	3	0	0	0
2020-03-22	"MPLATA"	0	0	0	0
2020-03-22	"HMAYOR"	0	0	0	0
2020-03-22	"OCOA"	0	0	0	0
2020-03-22	"SD"	39	0	0	0
2020-03-23	"DN"	137	0	0	0
2020-03-23	"AZUA"	1	0	0	0
2020-03-23	"BAO"	0	0	0	0
2020-03-23	"BARA"	1	0	0	0
2020-03-23	"DJBON"	0	0	0	0
2020-03-23	"DTE"	29	4	0	0
2020-03-23	"EP"	0	0	0	0
2020-03-23	"SEIBO"	0	0	0	0
2020-03-23	"ESP"	2	0	0	0
2020-03-23	"IND"	0	0	0	0
2020-03-23	"ALT"	11	0	0	0
2020-03-23	"ROM"	5	0	0	0
2020-03-23	"VEGA"	8	0	0	0
2020-03-23	"MTS"	3	0	0	0
2020-03-23	"MC"	0	0	0	0
2020-03-23	"PED"	0	0	0	0
2020-03-23	"PERV"	0	0	0	0
2020-03-23	"PPLATA"	5	0	0	0
2020-03-23	"MIRABAL"	3	0	0	0
2020-03-23	"SAM"	5	0	0	0
2020-03-23	"SCBAL"	1	0	0	0
2020-03-23	"SJUAN"	2	1	0	0
2020-03-23	"SPM"	10	1	0	0
2020-03-23	"SRAM"	1	0	0	0
2020-03-23	"STGO"	44	0	0	0
2020-03-23	"SROD"	0	0	0	0
2020-03-23	"VALV"	1	0	0	0
2020-03-23	"NOUEL"	3	0	0	0
2020-03-23	"MPLATA"	0	0	0	0
2020-03-23	"HMAYOR"	0	0	0	0
2020-03-23	"OCOA"	0	0	0	0
2020-03-23	"SD"	40	0	0	0
2020-03-24	"DN"	178	1	0	0
2020-03-24	"AZUA"	1	0	0	0
2020-03-24	"BAO"	0	0	0	0
2020-03-24	"BARA"	2	0	0	0
2020-03-24	"DJBON"	0	0	0	0
2020-03-24	"DTE"	29	4	0	0
2020-03-24	"EP"	0	0	0	0
2020-03-24	"SEIBO"	0	0	0	0
2020-03-24	"ESP"	5	0	0	0
2020-03-24	"IND"	1	0	0	0
2020-03-24	"ALT"	12	0	0	0
2020-03-24	"ROM"	5	0	0	0
2020-03-24	"VEGA"	8	0	0	0
2020-03-24	"MTS"	3	0	0	0
2020-03-24	"MC"	0	0	0	0
2020-03-24	"PED"	0	0	0	0
2020-03-24	"PERV"	0	0	0	0
2020-03-24	"PPLATA"	5	0	0	0
2020-03-24	"MIRABAL"	3	0	0	0
2020-03-24	"SAM"	7	1	0	0
2020-03-24	"SCBAL"	4	0	0	0
2020-03-24	"SJUAN"	2	1	0	0
2020-03-24	"SPM"	10	1	0	0
2020-03-24	"SRAM"	6	0	0	0
2020-03-24	"STGO"	53	2	0	0
2020-03-24	"SROD"	0	0	0	0
2020-03-24	"VALV"	1	0	0	0
2020-03-24	"NOUEL"	3	0	0	0
2020-03-24	"MPLATA"	0	0	0	0
2020-03-24	"HMAYOR"	2	0	0	0
2020-03-24	"OCOA"	0	0	0	0
2020-03-24	"SD"	52	0	0	0
2020-03-25	"DN"	235	1	0	0
2020-03-25	"AZUA"	4	0	0	0
2020-03-25	"BAO"	0	0	0	0
2020-03-25	"BARA"	2	0	0	0
2020-03-25	"DJBON"	0	0	0	0
2020-03-25	"DTE"	43	4	0	0
2020-03-25	"EP"	0	0	0	0
2020-03-25	"SEIBO"	0	0	0	0
2020-03-25	"ESP"	10	0	0	0
2020-03-25	"IND"	1	0	0	0
2020-03-25	"ALT"	11	0	0	0
2020-03-25	"ROM"	6	0	0	0
2020-03-25	"VEGA"	11	0	0	0
2020-03-25	"MTS"	4	0	0	0
2020-03-25	"MC"	0	0	0	0
2020-03-25	"PED"	0	0	0	0
2020-03-25	"PERV"	0	0	0	0
2020-03-25	"PPLATA"	7	0	0	0
2020-03-25	"MIRABAL"	3	0	0	0
2020-03-25	"SAM"	7	1	0	0
2020-03-25	"SCBAL"	5	0	0	0
2020-03-25	"SJUAN"	2	1	0	0
2020-03-25	"SPM"	12	1	0	0
2020-03-25	"SRAM"	6	0	0	0
2020-03-25	"STGO"	57	2	0	0
2020-03-25	"SROD"	0	0	0	0
2020-03-25	"VALV"	2	0	0	0
2020-03-25	"NOUEL"	3	0	0	0
2020-03-25	"MPLATA"	0	0	0	0
2020-03-25	"HMAYOR"	2	0	0	0
2020-03-25	"OCOA"	0	0	0	0
2020-03-25	"SD"	55	0	0	0
2020-03-26	"DN"	273	2	0	0
2020-03-26	"AZUA"	4	0	0	0
2020-03-26	"BAO"	0	0	0	0
2020-03-26	"BARA"	4	0	0	0
2020-03-26	"DJBON"	0	0	0	0
2020-03-26	"DTE"	59	12	0	0
2020-03-26	"EP"	0	0	0	0
2020-03-26	"SEIBO"	0	0	0	0
2020-03-26	"ESP"	10	0	0	0
2020-03-26	"IND"	1	0	0	0
2020-03-26	"ALT"	11	0	0	0
2020-03-26	"ROM"	8	0	0	0
2020-03-26	"VEGA"	16	0	0	0
2020-03-26	"MTS"	4	0	0	0
2020-03-26	"MC"	0	0	0	0
2020-03-26	"PED"	0	0	0	0
2020-03-26	"PERV"	1	0	0	0
2020-03-26	"PPLATA"	11	0	0	0
2020-03-26	"MIRABAL"	4	0	0	0
2020-03-26	"SAM"	8	1	0	0
2020-03-26	"SCBAL"	6	0	0	0
2020-03-26	"SJUAN"	2	1	0	0
2020-03-26	"SPM"	13	1	0	0
2020-03-26	"SRAM"	6	0	0	0
2020-03-26	"STGO"	66	2	0	0
2020-03-26	"SROD"	0	0	0	0
2020-03-26	"VALV"	2	0	0	0
2020-03-26	"NOUEL"	4	1	0	0
2020-03-26	"MPLATA"	0	0	0	0
2020-03-26	"HMAYOR"	2	0	0	0
2020-03-26	"OCOA"	0	0	0	0
2020-03-26	"SD"	66	0	0	0
2020-03-27	"DN"	321	4	0	0
2020-03-27	"AZUA"	5	0	0	0
2020-03-27	"BAO"	0	0	0	0
2020-03-27	"BARA"	4	0	0	0
2020-03-27	"DJBON"	0	0	0	0
2020-03-27	"DTE"	65	13	0	0
2020-03-27	"EP"	0	0	0	0
2020-03-27	"SEIBO"	0	0	0	0
2020-03-27	"ESP"	11	0	0	0
2020-03-27	"IND"	1	0	0	0
2020-03-27	"ALT"	17	0	0	0
2020-03-27	"ROM"	13	0	0	0
2020-03-27	"VEGA"	33	1	0	0
2020-03-27	"MTS"	4	0	0	0
2020-03-27	"MC"	0	0	0	0
2020-03-27	"PED"	0	0	0	0
2020-03-27	"PERV"	1	0	0	0
2020-03-27	"PPLATA"	13	0	0	0
2020-03-27	"MIRABAL"	10	0	0	0
2020-03-27	"SAM"	8	1	0	0
2020-03-27	"SCBAL"	8	0	0	0
2020-03-27	"SJUAN"	3	1	0	0
2020-03-27	"SPM"	15	1	0	0
2020-03-27	"SRAM"	7	0	0	0
2020-03-27	"STGO"	90	2	0	0
2020-03-27	"SROD"	0	0	0	0
2020-03-27	"VALV"	2	0	0	0
2020-03-27	"NOUEL"	6	1	0	0
2020-03-27	"MPLATA"	1	0	0	0
2020-03-27	"HMAYOR"	2	0	0	0
2020-03-27	"OCOA"	0	0	0	0
2020-03-27	"SD"	79	4	0	0
2020-03-28	"DN"	376	5	0	0
2020-03-28	"AZUA"	6	0	0	0
2020-03-28	"BAO"	0	0	0	0
2020-03-28	"BARA"	2	0	0	0
2020-03-28	"DJBON"	0	0	0	0
2020-03-28	"DTE"	83	21	0	0
2020-03-28	"EP"	0	0	0	0
2020-03-28	"SEIBO"	0	0	0	0
2020-03-28	"ESP"	15	0	0	0
2020-03-28	"IND"	1	0	0	0
2020-03-28	"ALT"	21	0	0	0
2020-03-28	"ROM"	15	0	0	0
2020-03-28	"VEGA"	48	1	0	0
2020-03-28	"MTS"	4	0	0	0
2020-03-28	"MC"	1	0	0	0
2020-03-28	"PED"	0	0	0	0
2020-03-28	"PERV"	1	0	0	0
2020-03-28	"PPLATA"	16	0	0	0
2020-03-28	"MIRABAL"	10	0	0	0
2020-03-28	"SAM"	9	1	0	0
2020-03-28	"SCBAL"	9	0	0	0
2020-03-28	"SJUAN"	3	1	0	0
2020-03-28	"SPM"	16	2	0	0
2020-03-28	"SRAM"	7	0	0	0
2020-03-28	"STGO"	97	2	0	0
2020-03-28	"SROD"	2	0	0	0
2020-03-28	"VALV"	2	0	0	0
2020-03-28	"NOUEL"	11	1	0	0
2020-03-28	"MPLATA"	1	0	0	0
2020-03-28	"HMAYOR"	2	0	0	0
2020-03-28	"OCOA"	0	0	0	0
2020-03-28	"SD"	101	5	0	0
2020-03-29	"DN"	381	5	0	0
2020-03-29	"AZUA"	7	0	0	0
2020-03-29	"BAO"	0	0	0	0
2020-03-29	"BARA"	3	0	0	0
2020-03-29	"DJBON"	0	0	0	0
2020-03-29	"DTE"	90	22	0	0
2020-03-29	"EP"	0	0	0	0
2020-03-29	"SEIBO"	0	0	0	0
2020-03-29	"ESP"	15	0	0	0
2020-03-29	"IND"	1	0	0	0
2020-03-29	"ALT"	29	0	0	0
2020-03-29	"ROM"	21	0	0	0
2020-03-29	"VEGA"	48	1	0	0
2020-03-29	"MTS"	4	0	0	0
2020-03-29	"MC"	1	0	0	0
2020-03-29	"PED"	1	0	0	0
2020-03-29	"PERV"	4	0	0	0
2020-03-29	"PPLATA"	16	0	0	0
2020-03-29	"MIRABAL"	10	0	0	0
2020-03-29	"SAM"	9	1	0	0
2020-03-29	"SCBAL"	9	0	0	0
2020-03-29	"SJUAN"	5	1	0	0
2020-03-29	"SPM"	17	2	0	0
2020-03-29	"SRAM"	9	2	0	0
2020-03-29	"STGO"	97	2	0	0
2020-03-29	"SROD"	2	0	0	0
2020-03-29	"VALV"	2	0	0	0
2020-03-29	"NOUEL"	11	1	0	0
2020-03-29	"MPLATA"	1	0	0	0
2020-03-29	"HMAYOR"	2	0	0	0
2020-03-29	"OCOA"	0	0	0	0
2020-03-29	"SD"	106	5	0	0
2020-03-30	"DN"	462	9	0	0
2020-03-30	"AZUA"	7	0	0	0
2020-03-30	"BAO"	0	0	0	0
2020-03-30	"BARA"	3	0	0	0
2020-03-30	"DJBON"	0	0	0	0
2020-03-30	"DTE"	94	22	0	0
2020-03-30	"EP"	0	0	0	0
2020-03-30	"SEIBO"	0	0	0	0
2020-03-30	"ESP"	22	0	0	0
2020-03-30	"IND"	1	0	0	0
2020-03-30	"ALT"	29	0	0	0
2020-03-30	"ROM"	21	0	0	0
2020-03-30	"VEGA"	65	2	0	0
2020-03-30	"MTS"	6	1	0	0
2020-03-30	"MC"	1	0	0	0
2020-03-30	"PED"	1	0	0	0
2020-03-30	"PERV"	4	0	0	0
2020-03-30	"PPLATA"	28	0	0	0
2020-03-30	"MIRABAL"	11	0	0	0
2020-03-30	"SAM"	12	1	0	0
2020-03-30	"SCBAL"	13	1	0	0
2020-03-30	"SJUAN"	5	2	0	0
2020-03-30	"SPM"	18	3	0	0
2020-03-30	"SRAM"	10	2	0	0
2020-03-30	"STGO"	122	2	0	0
2020-03-30	"SROD"	2	0	0	0
2020-03-30	"VALV"	4	0	0	0
2020-03-30	"NOUEL"	19	1	0	0
2020-03-30	"MPLATA"	1	0	0	0
2020-03-30	"HMAYOR"	3	0	0	0
2020-03-30	"OCOA"	0	0	0	0
2020-03-30	"SD"	145	5	0	0
2020-03-31	"DN"	520	11	0	0
2020-03-31	"AZUA"	7	0	0	0
2020-03-31	"BAO"	0	0	0	0
2020-03-31	"BARA"	7	0	0	0
2020-03-31	"DJBON"	1	0	0	0
2020-03-31	"DTE"	101	23	0	0
2020-03-31	"EP"	0	0	0	0
2020-03-31	"SEIBO"	1	1	0	0
2020-03-31	"ESP"	28	0	0	0
2020-03-31	"IND"	1	0	0	0
2020-03-31	"ALT"	32	0	0	0
2020-03-31	"ROM"	24	0	0	0
2020-03-31	"VEGA"	84	2	0	0
2020-03-31	"MTS"	6	1	0	0
2020-03-31	"MC"	2	0	0	0
2020-03-31	"PED"	1	0	0	0
2020-03-31	"PERV"	4	0	0	0
2020-03-31	"PPLATA"	28	0	0	0
2020-03-31	"MIRABAL"	15	0	0	0
2020-03-31	"SAM"	13	1	0	0
2020-03-31	"SCBAL"	21	1	0	0
2020-03-31	"SJUAN"	7	2	0	0
2020-03-31	"SPM"	20	3	0	0
2020-03-31	"SRAM"	13	2	0	0
2020-03-31	"STGO"	138	2	0	0
2020-03-31	"SROD"	2	0	0	0
2020-03-31	"VALV"	8	0	0	0
2020-03-31	"NOUEL"	27	1	0	0
2020-03-31	"MPLATA"	2	1	0	0
2020-03-31	"HMAYOR"	3	0	0	0
2020-03-31	"OCOA"	0	0	0	0
2020-03-31	"SD"	168	6	0	0
2020-04-01	"DN"	535	11	0	0
2020-04-01	"AZUA"	7	0	0	0
2020-04-01	"BAO"	0	0	0	0
2020-04-01	"BARA"	11	0	0	0
2020-04-01	"DJBON"	1	0	0	0
2020-04-01	"DTE"	110	24	0	0
2020-04-01	"EP"	0	0	0	0
2020-04-01	"SEIBO"	1	0	0	0
2020-04-01	"ESP"	28	0	0	0
2020-04-01	"IND"	1	0	0	0
2020-04-01	"ALT"	35	0	0	0
2020-04-01	"ROM"	28	1	0	0
2020-04-01	"VEGA"	88	2	0	0
2020-04-01	"MTS"	8	1	0	0
2020-04-01	"MC"	2	0	0	0
2020-04-01	"PED"	1	0	0	0
2020-04-01	"PERV"	4	0	0	0
2020-04-01	"PPLATA"	30	0	0	0
2020-04-01	"MIRABAL"	17	0	0	0
2020-04-01	"SAM"	13	1	0	0
2020-04-01	"SCBAL"	21	1	0	0
2020-04-01	"SJUAN"	7	2	0	0
2020-04-01	"SPM"	23	3	0	0
2020-04-01	"SRAM"	17	2	0	0
2020-04-01	"STGO"	159	2	0	0
2020-04-01	"SROD"	2	0	0	0
2020-04-01	"VALV"	8	0	0	0
2020-04-01	"NOUEL"	28	2	0	0
2020-04-01	"MPLATA"	2	1	0	0
2020-04-01	"HMAYOR"	3	0	0	0
2020-04-01	"OCOA"	0	0	0	0
2020-04-01	"SD"	190	7	0	0
2020-04-02	"DN"	588	11	0	0
2020-04-02	"AZUA"	7	0	0	0
2020-04-02	"BAO"	1	0	0	0
2020-04-02	"BARA"	11	0	0	0
2020-04-02	"DJBON"	1	0	0	0
2020-04-02	"DTE"	112	24	0	0
2020-04-02	"EP"	0	0	0	0
2020-04-02	"SEIBO"	1	0	0	0
2020-04-02	"ESP"	30	1	0	0
2020-04-02	"IND"	1	0	0	0
2020-04-02	"ALT"	35	1	0	0
2020-04-02	"ROM"	28	1	0	0
2020-04-02	"VEGA"	93	3	0	0
2020-04-02	"MTS"	9	1	0	0
2020-04-02	"MC"	2	0	0	0
2020-04-02	"PED"	1	0	0	0
2020-04-02	"PERV"	4	0	0	0
2020-04-02	"PPLATA"	33	0	0	0
2020-04-02	"MIRABAL"	17	0	0	0
2020-04-02	"SAM"	15	1	0	0
2020-04-02	"SCBAL"	22	1	0	0
2020-04-02	"SJUAN"	8	3	0	0
2020-04-02	"SPM"	23	3	0	0
2020-04-02	"SRAM"	20	2	0	0
2020-04-02	"STGO"	176	5	0	0
2020-04-02	"SROD"	5	0	0	0
2020-04-02	"VALV"	8	0	0	0
2020-04-02	"NOUEL"	28	2	0	0
2020-04-02	"MPLATA"	4	1	0	0
2020-04-02	"HMAYOR"	4	0	0	0
2020-04-02	"OCOA"	0	0	0	0
2020-04-02	"SD"	201	8	0	0
2020-04-03	"DN"	624	11	0	0
2020-04-03	"AZUA"	7	0	0	0
2020-04-03	"BAO"	1	0	0	0
2020-04-03	"BARA"	11	0	0	0
2020-04-03	"DJBON"	1	0	0	0
2020-04-03	"DTE"	112	24	0	0
2020-04-03	"EP"	0	0	0	0
2020-04-03	"SEIBO"	1	0	0	0
2020-04-03	"ESP"	32	1	0	0
2020-04-03	"IND"	1	0	0	0
2020-04-03	"ALT"	35	1	0	0
2020-04-03	"ROM"	29	1	0	0
2020-04-03	"VEGA"	96	4	0	0
2020-04-03	"MTS"	10	1	0	0
2020-04-03	"MC"	2	0	0	0
2020-04-03	"PED"	1	0	0	0
2020-04-03	"PERV"	5	0	0	0
2020-04-03	"PPLATA"	34	0	0	0
2020-04-03	"MIRABAL"	18	2	0	0
2020-04-03	"SAM"	15	0	0	0
2020-04-03	"SCBAL"	24	1	0	0
2020-04-03	"SJUAN"	8	3	0	0
2020-04-03	"SPM"	23	4	0	0
2020-04-03	"SRAM"	20	2	0	0
2020-04-03	"STGO"	193	6	0	0
2020-04-03	"SROD"	5	0	0	0
2020-04-03	"VALV"	10	0	0	0
2020-04-03	"NOUEL"	28	2	0	0
2020-04-03	"MPLATA"	4	1	0	0
2020-04-03	"HMAYOR"	4	0	0	0
2020-04-03	"OCOA"	0	0	0	0
2020-04-03	"SD"	224	12	0	0
2020-04-04	"DN"	665	13	0	0
2020-04-04	"AZUA"	7	0	0	0
2020-04-04	"BAO"	1	0	0	0
2020-04-04	"BARA"	12	0	0	0
2020-04-04	"DJBON"	1	0	0	0
2020-04-04	"DTE"	132	25	0	0
2020-04-04	"EP"	0	0	0	0
2020-04-04	"SEIBO"	1	0	0	0
2020-04-04	"ESP"	44	1	0	0
2020-04-04	"IND"	1	0	0	0
2020-04-04	"ALT"	40	1	0	0
2020-04-04	"ROM"	32	1	0	0
2020-04-04	"VEGA"	109	5	0	0
2020-04-04	"MTS"	10	1	0	0
2020-04-04	"MC"	3	0	0	0
2020-04-04	"PED"	1	0	0	0
2020-04-04	"PERV"	7	0	0	0
2020-04-04	"PPLATA"	34	0	0	0
2020-04-04	"MIRABAL"	19	2	0	0
2020-04-04	"SAM"	15	1	0	0
2020-04-04	"SCBAL"	32	1	0	0
2020-04-04	"SJUAN"	11	3	0	0
2020-04-04	"SPM"	24	4	0	0
2020-04-04	"SRAM"	27	2	0	0
2020-04-04	"STGO"	194	6	0	0
2020-04-04	"SROD"	18	0	0	0
2020-04-04	"VALV"	10	0	0	0
2020-04-04	"NOUEL"	30	0	0	0
2020-04-04	"MPLATA"	4	1	0	0
2020-04-04	"HMAYOR"	4	0	0	0
2020-04-04	"OCOA"	0	0	0	0
2020-04-04	"SD"	257	13	0	0
2020-04-05	"DN"	696	13	0	0
2020-04-05	"AZUA"	7	0	0	0
2020-04-05	"BAO"	1	0	0	0
2020-04-05	"BARA"	12	0	0	0
2020-04-05	"DJBON"	1	0	0	0
2020-04-05	"DTE"	141	26	0	0
2020-04-05	"EP"	0	0	0	0
2020-04-05	"SEIBO"	1	0	0	0
2020-04-05	"ESP"	44	1	0	0
2020-04-05	"IND"	1	0	0	0
2020-04-05	"ALT"	44	1	0	0
2020-04-05	"ROM"	33	1	0	0
2020-04-05	"VEGA"	109	5	0	0
2020-04-05	"MTS"	12	1	0	0
2020-04-05	"MC"	3	0	0	0
2020-04-05	"PED"	1	0	0	0
2020-04-05	"PERV"	7	0	0	0
2020-04-05	"PPLATA"	38	0	0	0
2020-04-05	"MIRABAL"	20	2	0	0
2020-04-05	"SAM"	15	1	0	0
2020-04-05	"SCBAL"	32	1	0	0
2020-04-05	"SJUAN"	12	3	0	0
2020-04-05	"SPM"	24	4	0	0
2020-04-05	"SRAM"	29	2	0	0
2020-04-05	"STGO"	204	8	0	0
2020-04-05	"SROD"	18	0	0	0
2020-04-05	"VALV"	10	0	0	0
2020-04-05	"NOUEL"	31	2	0	0
2020-04-05	"MPLATA"	4	1	0	0
2020-04-05	"HMAYOR"	4	0	0	0
2020-04-05	"OCOA"	0	0	0	0
2020-04-05	"SD"	274	14	0	0
2020-04-06	"DN"	723	15	0	0
2020-04-06	"AZUA"	8	0	0	0
2020-04-06	"BAO"	1	0	0	0
2020-04-06	"BARA"	12	0	0	0
2020-04-06	"DJBON"	1	0	0	0
2020-04-06	"DTE"	141	33	0	0
2020-04-06	"EP"	0	0	0	0
2020-04-06	"SEIBO"	2	0	0	0
2020-04-06	"ESP"	46	1	0	0
2020-04-06	"IND"	1	0	0	0
2020-04-06	"ALT"	44	1	0	0
2020-04-06	"ROM"	35	1	0	0
2020-04-06	"VEGA"	109	6	0	0
2020-04-06	"MTS"	19	1	0	0
2020-04-06	"MC"	3	0	0	0
2020-04-06	"PED"	1	0	0	0
2020-04-06	"PERV"	10	1	0	0
2020-04-06	"PPLATA"	38	0	0	0
2020-04-06	"MIRABAL"	23	2	0	0
2020-04-06	"SAM"	15	1	0	0
2020-04-06	"SCBAL"	34	1	0	0
2020-04-06	"SJUAN"	13	3	0	0
2020-04-06	"SPM"	26	4	0	0
2020-04-06	"SRAM"	29	3	0	0
2020-04-06	"STGO"	245	8	0	0
2020-04-06	"SROD"	5	0	0	0
2020-04-06	"VALV"	11	0	0	0
2020-04-06	"NOUEL"	39	2	0	0
2020-04-06	"MPLATA"	4	1	0	0
2020-04-06	"HMAYOR"	4	0	0	0
2020-04-06	"OCOA"	0	0	0	0
2020-04-06	"SD"	314	14	0	0
2020-04-07	"DN"	762	17	0	0
2020-04-07	"AZUA"	9	0	0	0
2020-04-07	"BAO"	1	0	0	0
2020-04-07	"BARA"	12	0	0	0
2020-04-07	"DJBON"	1	0	0	0
2020-04-07	"DTE"	154	38	0	0
2020-04-07	"EP"	0	0	0	0
2020-04-07	"SEIBO"	2	0	0	0
2020-04-07	"ESP"	55	1	0	0
2020-04-07	"IND"	1	0	0	0
2020-04-07	"ALT"	44	1	0	0
2020-04-07	"ROM"	35	1	0	0
2020-04-07	"VEGA"	109	6	0	0
2020-04-07	"MTS"	20	1	0	0
2020-04-07	"MC"	3	0	0	0
2020-04-07	"PED"	1	0	0	0
2020-04-07	"PERV"	12	1	0	0
2020-04-07	"PPLATA"	42	0	0	0
2020-04-07	"MIRABAL"	28	2	0	0
2020-04-07	"SAM"	15	1	0	0
2020-04-07	"SCBAL"	40	1	0	0
2020-04-07	"SJUAN"	13	3	0	0
2020-04-07	"SPM"	26	4	0	0
2020-04-07	"SRAM"	34	3	0	0
2020-04-07	"STGO"	274	8	0	0
2020-04-07	"SROD"	5	0	0	0
2020-04-07	"VALV"	11	0	0	0
2020-04-07	"NOUEL"	45	3	0	0
2020-04-07	"MPLATA"	4	1	0	0
2020-04-07	"HMAYOR"	5	0	0	0
2020-04-07	"OCOA"	0	0	0	0
2020-04-07	"SD"	348	16	0	0
2020-04-08	"DN"	800	18	0	0
2020-04-08	"AZUA"	10	1	0	0
2020-04-08	"BAO"	1	0	0	0
2020-04-08	"BARA"	12	0	0	0
2020-04-08	"DJBON"	1	0	0	0
2020-04-08	"DTE"	196	40	0	0
2020-04-08	"EP"	0	0	0	0
2020-04-08	"SEIBO"	2	0	0	0
2020-04-08	"ESP"	60	1	0	0
2020-04-08	"IND"	1	0	0	0
2020-04-08	"ALT"	48	1	0	0
2020-04-08	"ROM"	38	1	0	0
2020-04-08	"VEGA"	126	6	0	0
2020-04-08	"MTS"	26	1	0	0
2020-04-08	"MC"	4	0	0	0
2020-04-08	"PED"	1	0	0	0
2020-04-08	"PERV"	13	1	0	0
2020-04-08	"PPLATA"	52	1	0	0
2020-04-08	"MIRABAL"	35	2	0	0
2020-04-08	"SAM"	15	1	0	0
2020-04-08	"SCBAL"	45	1	0	0
2020-04-08	"SJUAN"	14	3	0	0
2020-04-08	"SPM"	26	4	0	0
2020-04-08	"SRAM"	42	4	0	0
2020-04-08	"STGO"	309	8	0	0
2020-04-08	"SROD"	7	0	0	0
2020-04-08	"VALV"	11	0	0	0
2020-04-08	"NOUEL"	56	3	0	0
2020-04-08	"MPLATA"	4	2	0	0
2020-04-08	"HMAYOR"	5	0	0	0
2020-04-08	"OCOA"	0	0	0	0
2020-04-08	"SD"	389	19	0	0
2020-04-09	"DN"	859	18	0	0
2020-04-09	"AZUA"	10	1	0	0
2020-04-09	"BAO"	1	0	0	0
2020-04-09	"BARA"	15	0	0	0
2020-04-09	"DJBON"	1	0	0	0
2020-04-09	"DTE"	233	42	0	0
2020-04-09	"EP"	0	0	0	0
2020-04-09	"SEIBO"	3	0	0	0
2020-04-09	"ESP"	64	1	0	0
2020-04-09	"IND"	1	0	0	0
2020-04-09	"ALT"	54	1	0	0
2020-04-09	"ROM"	44	1	0	0
2020-04-09	"VEGA"	147	6	0	0
2020-04-09	"MTS"	28	1	0	0
2020-04-09	"MC"	4	0	0	0
2020-04-09	"PED"	3	0	0	0
2020-04-09	"PERV"	14	1	0	0
2020-04-09	"PPLATA"	54	1	0	0
2020-04-09	"MIRABAL"	40	2	0	0
2020-04-09	"SAM"	15	1	0	0
2020-04-09	"SCBAL"	47	1	0	0
2020-04-09	"SJUAN"	14	3	0	0
2020-04-09	"SPM"	32	4	0	0
2020-04-09	"SRAM"	48	4	0	0
2020-04-09	"STGO"	339	8	0	0
2020-04-09	"SROD"	7	0	0	0
2020-04-09	"VALV"	16	0	0	0
2020-04-09	"NOUEL"	72	3	0	0
2020-04-09	"MPLATA"	5	2	0	0
2020-04-09	"HMAYOR"	5	1	0	0
2020-04-09	"OCOA"	0	0	0	0
2020-04-09	"SD"	445	24	0	0
2020-04-10	"DN"	886	18	0	0
2020-04-10	"AZUA"	11	1	0	0
2020-04-10	"BAO"	1	0	0	0
2020-04-10	"BARA"	15	0	0	0
2020-04-10	"DJBON"	1	0	0	0
2020-04-10	"DTE"	252	44	0	0
2020-04-10	"EP"	0	0	0	0
2020-04-10	"SEIBO"	3	0	0	0
2020-04-10	"ESP"	66	2	0	0
2020-04-10	"IND"	1	0	0	0
2020-04-10	"ALT"	64	1	0	0
2020-04-10	"ROM"	46	1	0	0
2020-04-10	"VEGA"	162	6	0	0
2020-04-10	"MTS"	34	1	0	0
2020-04-10	"MC"	4	0	0	0
2020-04-10	"PED"	3	0	0	0
2020-04-10	"PERV"	17	1	0	0
2020-04-10	"PPLATA"	56	1	0	0
2020-04-10	"MIRABAL"	45	7	0	0
2020-04-10	"SAM"	15	1	0	0
2020-04-10	"SCBAL"	50	1	0	0
2020-04-10	"SJUAN"	14	3	0	0
2020-04-10	"SPM"	35	5	0	0
2020-04-10	"SRAM"	50	4	0	0
2020-04-10	"STGO"	350	8	0	0
2020-04-10	"SROD"	7	0	0	0
2020-04-10	"VALV"	17	0	0	0
2020-04-10	"NOUEL"	73	3	0	0
2020-04-10	"MPLATA"	5	2	0	0
2020-04-10	"HMAYOR"	5	1	0	0
2020-04-10	"OCOA"	0	0	0	0
2020-04-10	"SD"	471	24	0	0
2020-04-11	"DN"	921	21	0	0
2020-04-11	"AZUA"	12	1	0	0
2020-04-11	"BAO"	1	0	0	0
2020-04-11	"BARA"	15	0	0	0
2020-04-11	"DJBON"	1	0	0	0
2020-04-11	"DTE"	273	55	0	0
2020-04-11	"EP"	0	0	0	0
2020-04-11	"SEIBO"	3	0	0	0
2020-04-11	"ESP"	67	3	0	0
2020-04-11	"IND"	1	0	0	0
2020-04-11	"ALT"	64	1	0	0
2020-04-11	"ROM"	51	1	0	0
2020-04-11	"VEGA"	192	6	0	0
2020-04-11	"MTS"	36	1	0	0
2020-04-11	"MC"	6	0	0	0
2020-04-11	"PED"	3	0	0	0
2020-04-11	"PERV"	21	1	0	0
2020-04-11	"PPLATA"	73	8	0	0
2020-04-11	"MIRABAL"	50	9	0	0
2020-04-11	"SAM"	15	1	0	0
2020-04-11	"SCBAL"	61	2	0	0
2020-04-11	"SJUAN"	20	3	0	0
2020-04-11	"SPM"	35	7	0	0
2020-04-11	"SRAM"	55	4	0	0
2020-04-11	"STGO"	363	14	0	0
2020-04-11	"SROD"	8	0	0	0
2020-04-11	"VALV"	17	0	0	0
2020-04-11	"NOUEL"	78	3	0	0
2020-04-11	"MPLATA"	5	2	0	0
2020-04-11	"HMAYOR"	7	1	0	0
2020-04-11	"OCOA"	1	1	0	0
2020-04-11	"SD"	512	28	0	0
2020-04-12	"DN"	948	21	0	0
2020-04-12	"AZUA"	15	1	0	0
2020-04-12	"BAO"	1	0	0	0
2020-04-12	"BARA"	15	0	0	0
2020-04-12	"DJBON"	1	0	0	0
2020-04-12	"DTE"	300	57	0	0
2020-04-12	"EP"	0	0	0	0
2020-04-12	"SEIBO"	3	0	0	0
2020-04-12	"ESP"	72	3	0	0
2020-04-12	"IND"	1	0	0	0
2020-04-12	"ALT"	69	1	0	0
2020-04-12	"ROM"	60	1	0	0
2020-04-12	"VEGA"	200	6	0	0
2020-04-12	"MTS"	38	1	0	0
2020-04-12	"MC"	9	0	0	0
2020-04-12	"PED"	3	0	0	0
2020-04-12	"PERV"	25	1	0	0
2020-04-12	"PPLATA"	87	8	0	0
2020-04-12	"MIRABAL"	55	9	0	0
2020-04-12	"SAM"	15	1	0	0
2020-04-12	"SCBAL"	66	2	0	0
2020-04-12	"SJUAN"	20	3	0	0
2020-04-12	"SPM"	38	7	0	0
2020-04-12	"SRAM"	58	5	0	0
2020-04-12	"STGO"	403	14	0	0
2020-04-12	"SROD"	8	0	0	0
2020-04-12	"VALV"	18	0	0	0
2020-04-12	"NOUEL"	79	3	0	0
2020-04-12	"MPLATA"	5	2	0	0
2020-04-12	"HMAYOR"	8	1	0	0
2020-04-12	"OCOA"	1	1	0	0
2020-04-12	"SD"	546	29	0	0
2020-04-13	"DN"	959	22	0	0
2020-04-13	"AZUA"	15	1	0	0
2020-04-13	"BAO"	1	0	0	0
2020-04-13	"BARA"	15	0	0	0
2020-04-13	"DJBON"	1	0	0	0
2020-04-13	"DTE"	315	61	0	0
2020-04-13	"EP"	0	0	0	0
2020-04-13	"SEIBO"	3	0	0	0
2020-04-13	"ESP"	82	3	0	0
2020-04-13	"IND"	1	0	0	0
2020-04-13	"ALT"	70	1	0	0
2020-04-13	"ROM"	62	1	0	0
2020-04-13	"VEGA"	209	6	0	0
2020-04-13	"MTS"	39	1	0	0
2020-04-13	"MC"	9	0	0	0
2020-04-13	"PED"	3	0	0	0
2020-04-13	"PERV"	25	1	0	0
2020-04-13	"PPLATA"	93	8	0	0
2020-04-13	"MIRABAL"	58	9	0	0
2020-04-13	"SAM"	15	1	0	0
2020-04-13	"SCBAL"	66	2	0	0
2020-04-13	"SJUAN"	20	3	0	0
2020-04-13	"SPM"	38	7	0	0
2020-04-13	"SRAM"	58	5	0	0
2020-04-13	"STGO"	439	14	0	0
2020-04-13	"SROD"	8	0	0	0
2020-04-13	"VALV"	18	0	0	0
2020-04-13	"NOUEL"	86	3	0	0
2020-04-13	"MPLATA"	5	2	0	0
2020-04-13	"HMAYOR"	8	1	0	0
2020-04-13	"OCOA"	1	1	0	0
2020-04-13	"SD"	564	30	0	0
2020-04-14	"DN"	1003	22	0	0
2020-04-14	"AZUA"	20	1	0	0
2020-04-14	"BAO"	1	0	0	0
2020-04-14	"BARA"	15	0	0	0
2020-04-14	"DJBON"	1	0	0	0
2020-04-14	"DTE"	350	63	0	0
2020-04-14	"EP"	0	0	0	0
2020-04-14	"SEIBO"	3	0	0	0
2020-04-14	"ESP"	83	4	0	0
2020-04-14	"IND"	1	0	0	0
2020-04-14	"ALT"	82	1	0	0
2020-04-14	"ROM"	73	1	0	0
2020-04-14	"VEGA"	222	6	0	0
2020-04-14	"MTS"	48	1	0	0
2020-04-14	"MC"	11	0	0	0
2020-04-14	"PED"	3	0	0	0
2020-04-14	"PERV"	26	1	0	0
2020-04-14	"PPLATA"	102	8	0	0
2020-04-14	"MIRABAL"	83	9	0	0
2020-04-14	"SAM"	15	1	0	0
2020-04-14	"SCBAL"	90	2	0	0
2020-04-14	"SJUAN"	21	3	0	0
2020-04-14	"SPM"	49	7	0	0
2020-04-14	"SRAM"	73	5	0	0
2020-04-14	"STGO"	463	16	0	0
2020-04-14	"SROD"	14	0	0	0
2020-04-14	"VALV"	27	0	0	0
2020-04-14	"NOUEL"	97	3	0	0
2020-04-14	"MPLATA"	7	2	0	0
2020-04-14	"HMAYOR"	8	1	0	0
2020-04-14	"OCOA"	2	1	0	0
2020-04-14	"SD"	621	31	0	0
2020-04-15	"DN"	1015	25	0	0
2020-04-15	"AZUA"	20	1	0	0
2020-04-15	"BAO"	1	0	0	0
2020-04-15	"BARA"	19	0	0	0
2020-04-15	"DJBON"	1	0	0	0
2020-04-15	"DTE"	355	64	0	0
2020-04-15	"EP"	0	0	0	0
2020-04-15	"SEIBO"	3	0	0	0
2020-04-15	"ESP"	105	4	0	0
2020-04-15	"IND"	1	0	0	0
2020-04-15	"ALT"	86	1	0	0
2020-04-15	"ROM"	77	2	0	0
2020-04-15	"VEGA"	261	6	0	0
2020-04-15	"MTS"	49	1	0	0
2020-04-15	"MC"	14	0	0	0
2020-04-15	"PED"	3	0	0	0
2020-04-15	"PERV"	26	1	0	0
2020-04-15	"PPLATA"	118	8	0	0
2020-04-15	"MIRABAL"	84	9	0	0
2020-04-15	"SAM"	15	1	0	0
2020-04-15	"SCBAL"	94	2	0	0
2020-04-15	"SJUAN"	21	3	0	0
2020-04-15	"SPM"	49	7	0	0
2020-04-15	"SRAM"	76	5	0	0
2020-04-15	"STGO"	476	16	0	0
2020-04-15	"SROD"	14	0	0	0
2020-04-15	"VALV"	28	1	0	0
2020-04-15	"NOUEL"	99	3	0	0
2020-04-15	"MPLATA"	8	2	0	0
2020-04-15	"HMAYOR"	8	1	0	0
2020-04-15	"OCOA"	2	1	0	0
2020-04-15	"SD"	627	32	0	0
2020-04-16	"DN"	1078	26	0	0
2020-04-16	"AZUA"	20	1	0	0
2020-04-16	"BAO"	4	0	0	0
2020-04-16	"BARA"	25	1	0	0
2020-04-16	"DJBON"	1	0	0	0
2020-04-16	"DTE"	416	64	0	0
2020-04-16	"EP"	0	0	0	0
2020-04-16	"SEIBO"	4	0	0	0
2020-04-16	"ESP"	118	4	0	0
2020-04-16	"IND"	1	0	0	0
2020-04-16	"ALT"	86	1	0	0
2020-04-16	"ROM"	80	2	0	0
2020-04-16	"VEGA"	280	6	0	0
2020-04-16	"MTS"	59	1	0	0
2020-04-16	"MC"	14	0	0	0
2020-04-16	"PED"	3	0	0	0
2020-04-16	"PERV"	27	1	0	0
2020-04-16	"PPLATA"	125	8	0	0
2020-04-16	"MIRABAL"	94	9	0	0
2020-04-16	"SAM"	19	1	0	0
2020-04-16	"SCBAL"	100	3	0	0
2020-04-16	"SJUAN"	28	3	0	0
2020-04-16	"SPM"	51	7	0	0
2020-04-16	"SRAM"	108	5	0	0
2020-04-16	"STGO"	528	16	0	0
2020-04-16	"SROD"	14	0	0	0
2020-04-16	"VALV"	28	1	0	0
2020-04-16	"NOUEL"	121	3	0	0
2020-04-16	"MPLATA"	10	2	0	0
2020-04-16	"HMAYOR"	8	1	0	0
2020-04-16	"OCOA"	3	1	0	0
2020-04-16	"SD"	673	33	0	0
2020-04-17	"DN"	1107	28	0	0
2020-04-17	"AZUA"	20	1	0	0
2020-04-17	"BAO"	4	0	0	0
2020-04-17	"BARA"	25	1	0	0
2020-04-17	"DJBON"	1	0	0	0
2020-04-17	"DTE"	439	66	0	0
2020-04-17	"EP"	0	0	0	0
2020-04-17	"SEIBO"	4	0	0	0
2020-04-17	"ESP"	122	4	0	0
2020-04-17	"IND"	1	0	0	0
2020-04-17	"ALT"	88	1	0	0
2020-04-17	"ROM"	88	2	0	0
2020-04-17	"VEGA"	308	7	0	0
2020-04-17	"MTS"	60	2	0	0
2020-04-17	"MC"	14	0	0	0
2020-04-17	"PED"	3	0	0	0
2020-04-17	"PERV"	32	1	0	0
2020-04-17	"PPLATA"	128	9	0	0
2020-04-17	"MIRABAL"	107	9	0	0
2020-04-17	"SAM"	19	1	0	0
2020-04-17	"SCBAL"	108	3	0	0
2020-04-17	"SJUAN"	29	3	0	0
2020-04-17	"SPM"	51	7	0	0
2020-04-17	"SRAM"	115	5	0	0
2020-04-17	"STGO"	553	23	0	0
2020-04-17	"SROD"	14	0	0	0
2020-04-17	"VALV"	28	7	0	0
2020-04-17	"NOUEL"	127	3	0	0
2020-04-17	"MPLATA"	10	3	0	0
2020-04-17	"HMAYOR"	8	1	0	0
2020-04-17	"OCOA"	3	2	0	0
2020-04-17	"SD"	719	34	0	0
2020-04-18	"DN"	1198	30	0	0
2020-04-18	"AZUA"	22	1	0	0
2020-04-18	"BAO"	4	0	0	0
2020-04-18	"BARA"	25	1	0	0
2020-04-18	"DJBON"	1	0	0	0
2020-04-18	"DTE"	461	68	0	0
2020-04-18	"EP"	0	0	0	0
2020-04-18	"SEIBO"	4	0	0	0
2020-04-18	"ESP"	137	4	0	0
2020-04-18	"IND"	1	0	0	0
2020-04-18	"ALT"	90	1	0	0
2020-04-18	"ROM"	89	2	0	0
2020-04-18	"VEGA"	330	7	0	0
2020-04-18	"MTS"	64	2	0	0
2020-04-18	"MC"	15	0	0	0
2020-04-18	"PED"	3	0	0	0
2020-04-18	"PERV"	34	1	0	0
2020-04-18	"PPLATA"	143	9	0	0
2020-04-18	"MIRABAL"	121	9	0	0
2020-04-18	"SAM"	19	1	0	0
2020-04-18	"SCBAL"	114	3	0	0
2020-04-18	"SJUAN"	32	3	0	0
2020-04-18	"SPM"	53	7	0	0
2020-04-18	"SRAM"	118	5	0	0
2020-04-18	"STGO"	594	28	0	0
2020-04-18	"SROD"	16	0	0	0
2020-04-18	"VALV"	28	1	0	0
2020-04-18	"NOUEL"	133	3	0	0
2020-04-18	"MPLATA"	11	3	0	0
2020-04-18	"HMAYOR"	9	1	0	0
2020-04-18	"OCOA"	4	2	0	0
2020-04-18	"SD"	807	34	0	0
2020-04-19	"DN"	1281	32	208	0
2020-04-19	"AZUA"	23	1	1	0
2020-04-19	"BAO"	4	0	1	0
2020-04-19	"BARA"	25	1	1	0
2020-04-19	"DJBON"	1	0	0	0
2020-04-19	"DTE"	486	68	38	0
2020-04-19	"EP"	0	0	0	0
2020-04-19	"SEIBO"	4	0	0	0
2020-04-19	"ESP"	138	4	1	0
2020-04-19	"IND"	1	0	1	0
2020-04-19	"ALT"	93	1	5	0
2020-04-19	"ROM"	92	2	4	0
2020-04-19	"VEGA"	351	7	15	0
2020-04-19	"MTS"	68	3	5	0
2020-04-19	"MC"	16	0	1	0
2020-04-19	"PED"	3	0	0	0
2020-04-19	"PERV"	35	1	0	0
2020-04-19	"PPLATA"	157	9	8	0
2020-04-19	"MIRABAL"	121	9	5	0
2020-04-19	"SAM"	19	1	5	0
2020-04-19	"SCBAL"	115	3	4	0
2020-04-19	"SJUAN"	38	3	1	0
2020-04-19	"SPM"	54	7	7	0
2020-04-19	"SRAM"	122	5	2	0
2020-04-19	"STGO"	635	33	45	0
2020-04-19	"SROD"	17	0	0	0
2020-04-19	"VALV"	28	1	2	0
2020-04-19	"NOUEL"	142	3	10	0
2020-04-19	"MPLATA"	11	3	0	0
2020-04-19	"HMAYOR"	9	1	0	0
2020-04-19	"OCOA"	4	2	0	0
2020-04-19	"SD"	871	35	46	0
2020-04-20	"DN"	1295	32	231	0
2020-04-20	"AZUA"	23	1	1	0
2020-04-20	"BAO"	4	0	1	0
2020-04-20	"BARA"	33	1	4	0
2020-04-20	"DJBON"	1	0	0	0
2020-04-20	"DTE"	486	68	41	0
2020-04-20	"EP"	0	0	0	0
2020-04-20	"SEIBO"	4	0	0	0
2020-04-20	"ESP"	138	5	1	0
2020-04-20	"IND"	1	0	1	0
2020-04-20	"ALT"	93	1	9	0
2020-04-20	"ROM"	92	2	4	0
2020-04-20	"VEGA"	361	7	15	0
2020-04-20	"MTS"	69	3	5	0
2020-04-20	"MC"	16	0	1	0
2020-04-20	"PED"	3	0	0	0
2020-04-20	"PERV"	35	1	0	0
2020-04-20	"PPLATA"	166	9	10	0
2020-04-20	"MIRABAL"	125	11	5	0
2020-04-20	"SAM"	19	1	5	0
2020-04-20	"SCBAL"	117	3	4	0
2020-04-20	"SJUAN"	38	3	1	0
2020-04-20	"SPM"	54	7	8	0
2020-04-20	"SRAM"	127	5	2	0
2020-04-20	"STGO"	638	38	47	0
2020-04-20	"SROD"	17	1	0	0
2020-04-20	"VALV"	32	1	3	0
2020-04-20	"NOUEL"	153	3	11	0
2020-04-20	"MPLATA"	11	3	0	0
2020-04-20	"HMAYOR"	9	1	0	0
2020-04-20	"OCOA"	4	2	0	0
2020-04-20	"SD"	880	36	53	0
2020-04-21	"DN"	1337	34	242	0
2020-04-21	"AZUA"	24	1	1	0
2020-04-21	"BAO"	4	0	1	0
2020-04-21	"BARA"	33	1	4	0
2020-04-21	"DJBON"	2	0	0	0
2020-04-21	"DTE"	519	72	64	0
2020-04-21	"EP"	0	0	0	0
2020-04-21	"SEIBO"	4	0	0	0
2020-04-21	"ESP"	162	5	20	0
2020-04-21	"IND"	1	0	1	0
2020-04-21	"ALT"	100	1	18	0
2020-04-21	"ROM"	95	2	6	0
2020-04-21	"VEGA"	387	7	30	0
2020-04-21	"MTS"	74	3	5	0
2020-04-21	"MC"	15	0	1	0
2020-04-21	"PED"	3	0	0	0
2020-04-21	"PERV"	36	1	0	0
2020-04-21	"PPLATA"	174	11	10	0
2020-04-21	"MIRABAL"	134	11	14	0
2020-04-21	"SAM"	21	1	8	0
2020-04-21	"SCBAL"	126	3	4	0
2020-04-21	"SJUAN"	38	3	1	0
2020-04-21	"SPM"	54	7	8	0
2020-04-21	"SRAM"	133	6	2	0
2020-04-21	"STGO"	670	41	57	0
2020-04-21	"SROD"	17	1	0	0
2020-04-21	"VALV"	32	2	3	0
2020-04-21	"NOUEL"	159	3	11	0
2020-04-21	"MPLATA"	11	3	0	0
2020-04-21	"HMAYOR"	9	1	0	0
2020-04-21	"OCOA"	4	2	0	0
2020-04-21	"SD"	922	38	70	0
2020-04-22	"DN"	1401	35	268	0
2020-04-22	"AZUA"	24	1	1	0
2020-04-22	"BAO"	4	0	1	0
2020-04-22	"BARA"	33	1	4	0
2020-04-22	"DJBON"	3	0	1	0
2020-04-22	"DTE"	547	73	68	0
2020-04-22	"EP"	0	0	0	0
2020-04-22	"SEIBO"	4	0	0	0
2020-04-22	"ESP"	162	5	21	0
2020-04-22	"IND"	1	0	1	0
2020-04-22	"ALT"	109	1	22	0
2020-04-22	"ROM"	97	2	7	0
2020-04-22	"VEGA"	388	7	31	0
2020-04-22	"MTS"	79	3	5	0
2020-04-22	"MC"	13	0	1	0
2020-04-22	"PED"	3	0	0	0
2020-04-22	"PERV"	37	1	1	0
2020-04-22	"PPLATA"	175	11	10	0
2020-04-22	"MIRABAL"	141	11	16	0
2020-04-22	"SAM"	21	1	8	0
2020-04-22	"SCBAL"	132	3	6	0
2020-04-22	"SJUAN"	39	3	1	0
2020-04-22	"SPM"	54	7	8	0
2020-04-22	"SRAM"	134	6	3	0
2020-04-22	"STGO"	694	43	75	0
2020-04-22	"SROD"	17	1	0	0
2020-04-22	"VALV"	32	2	3	0
2020-04-22	"NOUEL"	160	3	12	0
2020-04-22	"MPLATA"	11	3	0	0
2020-04-22	"HMAYOR"	11	2	0	0
2020-04-22	"OCOA"	4	2	0	0
2020-04-22	"SD"	1013	38	100	0
2020-04-23	"DN"	1457	35	305	0
2020-04-23	"AZUA"	25	1	1	0
2020-04-23	"BAO"	4	0	1	0
2020-04-23	"BARA"	35	1	5	0
2020-04-23	"DJBON"	3	0	1	0
2020-04-23	"DTE"	557	74	72	0
2020-04-23	"EP"	1	0	0	0
2020-04-23	"SEIBO"	4	0	0	0
2020-04-23	"ESP"	162	5	22	0
2020-04-23	"IND"	1	0	1	0
2020-04-23	"ALT"	109	1	23	0
2020-04-23	"ROM"	97	2	8	0
2020-04-23	"VEGA"	414	7	36	0
2020-04-23	"MTS"	79	3	5	0
2020-04-23	"MC"	13	0	2	0
2020-04-23	"PED"	3	0	0	0
2020-04-23	"PERV"	37	1	2	0
2020-04-23	"PPLATA"	185	11	12	0
2020-04-23	"MIRABAL"	145	11	17	0
2020-04-23	"SAM"	21	1	8	0
2020-04-23	"SCBAL"	138	4	6	0
2020-04-23	"SJUAN"	43	3	1	0
2020-04-23	"SPM"	56	7	8	0
2020-04-23	"SRAM"	138	6	3	0
2020-04-23	"STGO"	719	43	84	0
2020-04-23	"SROD"	24	1	0	0
2020-04-23	"VALV"	32	2	3	0
2020-04-23	"NOUEL"	162	3	12	0
2020-04-23	"MPLATA"	13	3	0	0
2020-04-23	"HMAYOR"	11	2	0	0
2020-04-23	"OCOA"	4	2	0	0
2020-04-23	"SD"	1057	38	125	0
2020-04-24	"DN"	1491	37	328	0
2020-04-24	"AZUA"	30	1	1	0
2020-04-24	"BAO"	4	0	1	0
2020-04-24	"BARA"	35	1	5	0
2020-04-24	"DJBON"	3	0	1	0
2020-04-24	"DTE"	562	75	76	0
2020-04-24	"EP"	1	0	0	0
2020-04-24	"SEIBO"	4	0	0	0
2020-04-24	"ESP"	186	5	22	0
2020-04-24	"IND"	1	0	1	0
2020-04-24	"ALT"	109	1	25	0
2020-04-24	"ROM"	105	2	9	0
2020-04-24	"VEGA"	422	7	38	0
2020-04-24	"MTS"	82	3	5	0
2020-04-24	"MC"	13	0	2	0
2020-04-24	"PED"	3	0	0	0
2020-04-24	"PERV"	39	1	4	0
2020-04-24	"PPLATA"	192	11	13	0
2020-04-24	"MIRABAL"	150	11	17	0
2020-04-24	"SAM"	21	1	8	0
2020-04-24	"SCBAL"	147	5	6	0
2020-04-24	"SJUAN"	44	3	1	0
2020-04-24	"SPM"	57	7	9	0
2020-04-24	"SRAM"	139	6	3	0
2020-04-24	"STGO"	754	44	90	0
2020-04-24	"SROD"	24	1	0	0
2020-04-24	"VALV"	32	2	3	0
2020-04-24	"NOUEL"	164	3	14	0
2020-04-24	"MPLATA"	13	3	0	0
2020-04-24	"HMAYOR"	12	2	0	0
2020-04-24	"OCOA"	4	2	0	0
2020-04-24	"SD"	1083	39	140	0
2020-04-25	"DN"	1545	37	357	0
2020-04-25	"AZUA"	31	1	1	0
2020-04-25	"BAO"	4	0	1	0
2020-04-25	"BARA"	35	1	6	0
2020-04-25	"DJBON"	3	0	1	0
2020-04-25	"DTE"	587	76	83	0
2020-04-25	"EP"	1	0	0	0
2020-04-25	"SEIBO"	5	0	0	0
2020-04-25	"ESP"	186	5	22	0
2020-04-25	"IND"	1	0	1	0
2020-04-25	"ALT"	110	1	30	0
2020-04-25	"ROM"	107	2	10	0
2020-04-25	"VEGA"	427	7	46	0
2020-04-25	"MTS"	82	3	5	0
2020-04-25	"MC"	13	0	2	0
2020-04-25	"PED"	3	0	0	0
2020-04-25	"PERV"	40	1	6	0
2020-04-25	"PPLATA"	193	13	13	0
2020-04-25	"MIRABAL"	152	11	18	0
2020-04-25	"SAM"	21	1	8	0
2020-04-25	"SCBAL"	156	6	8	0
2020-04-25	"SJUAN"	44	3	2	0
2020-04-25	"SPM"	58	7	11	0
2020-04-25	"SRAM"	164	6	6	0
2020-04-25	"STGO"	765	44	92	0
2020-04-25	"SROD"	25	1	0	0
2020-04-25	"VALV"	37	2	5	0
2020-04-25	"NOUEL"	173	3	18	0
2020-04-25	"MPLATA"	15	3	0	0
2020-04-25	"HMAYOR"	12	2	0	0
2020-04-25	"OCOA"	5	2	0	0
2020-04-25	"SD"	1135	40	158	0
2020-04-26	"DN"	1571	37	388	0
2020-04-26	"AZUA"	34	1	2	0
2020-04-26	"BAO"	5	0	1	0
2020-04-26	"BARA"	35	1	7	0
2020-04-26	"DJBON"	3	0	1	0
2020-04-26	"DTE"	594	76	89	0
2020-04-26	"EP"	2	0	0	0
2020-04-26	"SEIBO"	5	0	0	0
2020-04-26	"ESP"	187	5	23	0
2020-04-26	"IND"	1	0	1	0
2020-04-26	"ALT"	114	1	33	0
2020-04-26	"ROM"	111	2	13	0
2020-04-26	"VEGA"	435	7	51	0
2020-04-26	"MTS"	86	3	6	0
2020-04-26	"MC"	17	0	2	0
2020-04-26	"PED"	3	0	0	0
2020-04-26	"PERV"	43	1	7	0
2020-04-26	"PPLATA"	198	13	15	0
2020-04-26	"MIRABAL"	154	11	18	0
2020-04-26	"SAM"	22	1	9	0
2020-04-26	"SCBAL"	165	7	15	0
2020-04-26	"SJUAN"	53	3	2	0
2020-04-26	"SPM"	62	8	13	0
2020-04-26	"SRAM"	166	6	8	0
2020-04-26	"STGO"	785	45	97	0
2020-04-26	"SROD"	25	1	0	0
2020-04-26	"VALV"	37	2	5	0
2020-04-26	"NOUEL"	175	3	18	0
2020-04-26	"MPLATA"	15	3	0	0
2020-04-26	"HMAYOR"	12	2	0	0
2020-04-26	"OCOA"	5	2	0	0
2020-04-26	"SD"	1173	41	169	0
2020-04-27	"DN"	1605	38	453	0
2020-04-27	"AZUA"	34	1	4	0
2020-04-27	"BAO"	5	0	1	0
2020-04-27	"BARA"	36	1	7	0
2020-04-27	"DJBON"	3	0	1	0
2020-04-27	"DTE"	597	76	99	0
2020-04-27	"EP"	2	0	0	0
2020-04-27	"SEIBO"	5	0	0	0
2020-04-27	"ESP"	187	5	28	0
2020-04-27	"IND"	1	0	1	0
2020-04-27	"ALT"	114	1	41	0
2020-04-27	"ROM"	121	2	19	0
2020-04-27	"VEGA"	473	7	61	0
2020-04-27	"MTS"	86	3	6	0
2020-04-27	"MC"	17	0	2	0
2020-04-27	"PED"	3	0	0	0
2020-04-27	"PERV"	47	1	7	0
2020-04-27	"PPLATA"	198	13	17	0
2020-04-27	"MIRABAL"	154	11	19	0
2020-04-27	"SAM"	22	1	9	0
2020-04-27	"SCBAL"	167	7	16	0
2020-04-27	"SJUAN"	53	3	3	0
2020-04-27	"SPM"	62	8	15	0
2020-04-27	"SRAM"	166	6	10	0
2020-04-27	"STGO"	789	47	123	0
2020-04-27	"SROD"	25	1	0	0
2020-04-27	"VALV"	37	2	5	0
2020-04-27	"NOUEL"	176	4	18	0
2020-04-27	"MPLATA"	15	3	0	0
2020-04-27	"HMAYOR"	12	2	2	0
2020-04-27	"OCOA"	6	2	0	0
2020-04-27	"SD"	1198	41	198	0
2020-04-28	"DN"	1630	38	473	0
2020-04-28	"AZUA"	38	2	4	0
2020-04-28	"BAO"	5	0	1	0
2020-04-28	"BARA"	37	1	7	0
2020-04-28	"DJBON"	3	0	1	0
2020-04-28	"DTE"	617	76	104	0
2020-04-28	"EP"	2	0	0	0
2020-04-28	"SEIBO"	5	0	0	0
2020-04-28	"ESP"	205	5	28	0
2020-04-28	"IND"	1	0	1	0
2020-04-28	"ALT"	116	1	41	0
2020-04-28	"ROM"	135	2	21	0
2020-04-28	"VEGA"	488	7	65	0
2020-04-28	"MTS"	86	3	6	0
2020-04-28	"MC"	17	0	2	0
2020-04-28	"PED"	3	0	0	0
2020-04-28	"PERV"	49	1	8	0
2020-04-28	"PPLATA"	213	13	18	0
2020-04-28	"MIRABAL"	155	12	19	0
2020-04-28	"SAM"	23	1	9	0
2020-04-28	"SCBAL"	185	8	16	0
2020-04-28	"SJUAN"	66	3	3	0
2020-04-28	"SPM"	62	8	15	0
2020-04-28	"SRAM"	166	6	10	0
2020-04-28	"STGO"	816	47	135	0
2020-04-28	"SROD"	25	1	0	0
2020-04-28	"VALV"	37	2	5	0
2020-04-28	"NOUEL"	182	4	19	0
2020-04-28	"MPLATA"	16	4	0	0
2020-04-28	"HMAYOR"	12	2	2	0
2020-04-28	"OCOA"	6	2	0	0
2020-04-28	"SD"	1251	44	215	0
2020-04-29	"DN"	1724	40	494	0
2020-04-29	"AZUA"	44	2	5	0
2020-04-29	"BAO"	5	0	1	0
2020-04-29	"BARA"	37	1	7	0
2020-04-29	"DJBON"	3	0	1	0
2020-04-29	"DTE"	630	76	109	0
2020-04-29	"EP"	2	0	0	0
2020-04-29	"SEIBO"	5	0	0	0
2020-04-29	"ESP"	209	6	29	0
2020-04-29	"IND"	1	0	1	0
2020-04-29	"ALT"	119	1	42	0
2020-04-29	"ROM"	144	2	23	0
2020-04-29	"VEGA"	501	7	72	0
2020-04-29	"MTS"	90	3	8	0
2020-04-29	"MC"	17	0	2	0
2020-04-29	"PED"	3	0	0	0
2020-04-29	"PERV"	50	1	9	0
2020-04-29	"PPLATA"	224	13	19	0
2020-04-29	"MIRABAL"	158	13	21	0
2020-04-29	"SAM"	24	1	11	0
2020-04-29	"SCBAL"	206	8	17	0
2020-04-29	"SJUAN"	66	3	3	0
2020-04-29	"SPM"	64	9	16	0
2020-04-29	"SRAM"	167	6	13	0
2020-04-29	"STGO"	831	48	136	0
2020-04-29	"SROD"	32	1	0	0
2020-04-29	"VALV"	37	2	5	0
2020-04-29	"NOUEL"	186	4	21	0
2020-04-29	"MPLATA"	16	4	0	0
2020-04-29	"HMAYOR"	12	2	2	0
2020-04-29	"OCOA"	6	2	0	0
2020-04-29	"SD"	1359	46	234	0
2020-04-30	"DN"	1814	41	514	0
2020-04-30	"AZUA"	51	2	5	0
2020-04-30	"BAO"	5	0	1	0
2020-04-30	"BARA"	37	1	7	0
2020-04-30	"DJBON"	3	0	1	0
2020-04-30	"DTE"	632	76	118	0
2020-04-30	"EP"	4	0	0	0
2020-04-30	"SEIBO"	5	0	0	0
2020-04-30	"ESP"	236	7	28	0
2020-04-30	"IND"	1	0	1	0
2020-04-30	"ALT"	124	1	46	0
2020-04-30	"ROM"	159	2	25	0
2020-04-30	"VEGA"	513	8	78	0
2020-04-30	"MTS"	96	3	11	0
2020-04-30	"MC"	17	0	2	0
2020-04-30	"PED"	3	0	0	0
2020-04-30	"PERV"	55	1	13	0
2020-04-30	"PPLATA"	229	13	25	0
2020-04-30	"MIRABAL"	181	13	22	0
2020-04-30	"SAM"	24	1	11	0
2020-04-30	"SCBAL"	215	9	20	0
2020-04-30	"SJUAN"	68	3	3	0
2020-04-30	"SPM"	67	9	16	0
2020-04-30	"SRAM"	167	6	15	0
2020-04-30	"STGO"	860	51	143	0
2020-04-30	"SROD"	32	1	0	0
2020-04-30	"VALV"	37	4	5	0
2020-04-30	"NOUEL"	192	4	22	0
2020-04-30	"MPLATA"	16	4	0	0
2020-04-30	"HMAYOR"	12	2	2	0
2020-04-30	"OCOA"	6	2	0	0
2020-04-30	"SD"	1427	49	253	0
2020-05-01	"DN"	1870	42	529	0
2020-05-01	"AZUA"	56	2	7	0
2020-05-01	"BAO"	5	0	1	0
2020-05-01	"BARA"	38	1	7	0
2020-05-01	"DJBON"	3	0	1	0
2020-05-01	"DTE"	638	76	126	0
2020-05-01	"EP"	4	0	0	0
2020-05-01	"SEIBO"	5	0	0	0
2020-05-01	"ESP"	240	7	29	0
2020-05-01	"IND"	1	0	1	0
2020-05-01	"ALT"	127	1	50	0
2020-05-01	"ROM"	170	2	27	0
2020-05-01	"VEGA"	528	9	80	0
2020-05-01	"MTS"	96	4	15	0
2020-05-01	"MC"	17	0	2	0
2020-05-01	"PED"	3	0	0	0
2020-05-01	"PERV"	55	1	15	0
2020-05-01	"PPLATA"	238	14	27	0
2020-05-01	"MIRABAL"	183	13	23	0
2020-05-01	"SAM"	24	1	11	0
2020-05-01	"SCBAL"	244	10	22	0
2020-05-01	"SJUAN"	70	3	3	0
2020-05-01	"SPM"	68	9	16	0
2020-05-01	"SRAM"	184	6	18	0
2020-05-01	"STGO"	883	54	167	0
2020-05-01	"SROD"	33	1	0	0
2020-05-01	"VALV"	38	4	6	0
2020-05-01	"NOUEL"	195	4	23	0
2020-05-01	"MPLATA"	16	4	1	0
2020-05-01	"HMAYOR"	13	2	2	0
2020-05-01	"OCOA"	6	2	0	0
2020-05-01	"SD"	1527	54	272	0
2020-05-02	"DN"	1932	46	567	0
2020-05-02	"AZUA"	82	2	10	0
2020-05-02	"BAO"	5	0	1	0
2020-05-02	"BARA"	41	1	10	0
2020-05-02	"DJBON"	4	0	1	0
2020-05-02	"DTE"	643	76	127	0
2020-05-02	"EP"	5	0	0	0
2020-05-02	"SEIBO"	10	0	0	0
2020-05-02	"ESP"	249	7	29	0
2020-05-02	"IND"	1	0	1	0
2020-05-02	"ALT"	129	1	54	0
2020-05-02	"ROM"	186	2	30	0
2020-05-02	"VEGA"	538	10	84	0
2020-05-02	"MTS"	104	4	16	0
2020-05-02	"MC"	18	0	2	0
2020-05-02	"PED"	3	0	0	0
2020-05-02	"PERV"	56	1	15	0
2020-05-02	"PPLATA"	239	14	32	0
2020-05-02	"MIRABAL"	198	13	23	0
2020-05-02	"SAM"	25	1	11	0
2020-05-02	"SCBAL"	270	11	25	0
2020-05-02	"SJUAN"	79	3	4	0
2020-05-02	"SPM"	78	9	22	0
2020-05-02	"SRAM"	191	6	23	0
2020-05-02	"STGO"	916	54	181	0
2020-05-02	"SROD"	33	1	0	0
2020-05-02	"VALV"	38	4	7	0
2020-05-02	"NOUEL"	201	4	24	0
2020-05-02	"MPLATA"	20	5	1	0
2020-05-02	"HMAYOR"	13	2	2	0
2020-05-02	"OCOA"	9	2	0	0
2020-05-02	"SD"	1638	54	304	0
2020-05-03	"DN"	2004	47	610	0
2020-05-03	"AZUA"	86	2	10	0
2020-05-03	"BAO"	5	0	1	0
2020-05-03	"BARA"	41	1	10	0
2020-05-03	"DJBON"	5	0	1	0
2020-05-03	"DTE"	646	76	145	0
2020-05-03	"EP"	5	0	0	0
2020-05-03	"SEIBO"	10	0	0	0
2020-05-03	"ESP"	282	7	32	0
2020-05-03	"IND"	1	0	1	0
2020-05-03	"ALT"	132	1	55	0
2020-05-03	"ROM"	190	2	34	0
2020-05-03	"VEGA"	558	17	93	0
2020-05-03	"MTS"	104	4	27	0
2020-05-03	"MC"	18	0	5	0
2020-05-03	"PED"	3	0	0	0
2020-05-03	"PERV"	61	1	15	0
2020-05-03	"PPLATA"	245	17	35	0
2020-05-03	"MIRABAL"	202	13	27	0
2020-05-03	"SAM"	25	1	12	0
2020-05-03	"SCBAL"	283	11	27	0
2020-05-03	"SJUAN"	80	3	5	0
2020-05-03	"SPM"	79	9	25	0
2020-05-03	"SRAM"	197	6	28	0
2020-05-03	"STGO"	944	54	202	0
2020-05-03	"SROD"	33	1	6	0
2020-05-03	"VALV"	38	4	7	0
2020-05-03	"NOUEL"	217	4	25	0
2020-05-03	"MPLATA"	22	6	1	0
2020-05-03	"HMAYOR"	13	2	2	0
2020-05-03	"OCOA"	14	2	0	0
2020-05-03	"SD"	1692	55	330	0
2020-05-04	"DN"	2036	47	623	0
2020-05-04	"AZUA"	86	2	9	0
2020-05-04	"BAO"	5	0	1	0
2020-05-04	"BARA"	45	1	10	0
2020-05-04	"DJBON"	5	0	1	0
2020-05-04	"DTE"	650	76	158	0
2020-05-04	"EP"	5	0	0	0
2020-05-04	"SEIBO"	10	0	0	0
2020-05-04	"ESP"	310	8	32	0
2020-05-04	"IND"	1	0	1	0
2020-05-04	"ALT"	135	1	61	0
2020-05-04	"ROM"	197	2	37	0
2020-05-04	"VEGA"	565	19	111	0
2020-05-04	"MTS"	105	4	27	0
2020-05-04	"MC"	27	0	7	0
2020-05-04	"PED"	4	0	0	0
2020-05-04	"PERV"	62	1	15	0
2020-05-04	"PPLATA"	256	18	46	0
2020-05-04	"MIRABAL"	204	13	34	0
2020-05-04	"SAM"	25	1	13	0
2020-05-04	"SCBAL"	314	11	28	0
2020-05-04	"SJUAN"	81	3	9	0
2020-05-04	"SPM"	81	9	29	0
2020-05-04	"SRAM"	200	6	28	0
2020-05-04	"STGO"	971	58	218	0
2020-05-04	"SROD"	38	1	6	0
2020-05-04	"VALV"	55	4	8	0
2020-05-04	"NOUEL"	218	4	35	0
2020-05-04	"MPLATA"	22	6	1	0
2020-05-04	"HMAYOR"	13	2	2	0
2020-05-04	"OCOA"	14	2	0	0
2020-05-04	"SD"	1740	55	355	0
2020-05-05	"DN"	2139	48	637	0
2020-05-05	"AZUA"	87	2	9	0
2020-05-05	"BAO"	5	0	1	0
2020-05-05	"BARA"	45	1	10	0
2020-05-05	"DJBON"	5	0	1	0
2020-05-05	"DTE"	680	77	169	0
2020-05-05	"EP"	5	0	0	0
2020-05-05	"SEIBO"	10	0	0	0
2020-05-05	"ESP"	312	8	33	0
2020-05-05	"IND"	1	0	1	0
2020-05-05	"ALT"	142	1	62	0
2020-05-05	"ROM"	208	6	39	0
2020-05-05	"VEGA"	607	19	125	0
2020-05-05	"MTS"	105	4	29	0
2020-05-05	"MC"	27	0	7	0
2020-05-05	"PED"	4	0	0	0
2020-05-05	"PERV"	63	1	16	0
2020-05-05	"PPLATA"	261	18	51	0
2020-05-05	"MIRABAL"	204	13	35	0
2020-05-05	"SAM"	25	1	13	0
2020-05-05	"SCBAL"	327	11	30	0
2020-05-05	"SJUAN"	83	3	9	0
2020-05-05	"SPM"	81	9	29	0
2020-05-05	"SRAM"	206	6	30	0
2020-05-05	"STGO"	1000	58	230	0
2020-05-05	"SROD"	38	1	6	0
2020-05-05	"VALV"	55	4	8	0
2020-05-05	"NOUEL"	222	4	36	0
2020-05-05	"MPLATA"	23	6	1	0
2020-05-05	"HMAYOR"	13	2	2	0
2020-05-05	"OCOA"	14	2	0	0
2020-05-05	"SD"	1810	57	370	0
2020-05-06	"DN"	2190	50	655	0
2020-05-06	"AZUA"	92	2	9	0
2020-05-06	"BAO"	5	0	1	0
2020-05-06	"BARA"	45	1	10	0
2020-05-06	"DJBON"	5	0	1	0
2020-05-06	"DTE"	695	77	186	0
2020-05-06	"EP"	5	0	0	0
2020-05-06	"SEIBO"	10	0	0	0
2020-05-06	"ESP"	326	8	36	0
2020-05-06	"IND"	2	1	1	0
2020-05-06	"ALT"	147	1	64	0
2020-05-06	"ROM"	216	6	41	0
2020-05-06	"VEGA"	648	19	127	0
2020-05-06	"MTS"	107	4	29	0
2020-05-06	"MC"	27	0	7	0
2020-05-06	"PED"	4	0	0	0
2020-05-06	"PERV"	68	1	18	0
2020-05-06	"PPLATA"	264	18	53	0
2020-05-06	"MIRABAL"	208	14	36	0
2020-05-06	"SAM"	25	1	13	0
2020-05-06	"SCBAL"	364	13	32	0
2020-05-06	"SJUAN"	83	3	9	0
2020-05-06	"SPM"	82	10	29	0
2020-05-06	"SRAM"	210	6	33	0
2020-05-06	"STGO"	1019	59	236	0
2020-05-06	"SROD"	39	1	7	0
2020-05-06	"VALV"	56	4	9	0
2020-05-06	"NOUEL"	224	4	37	0
2020-05-06	"MPLATA"	25	6	1	0
2020-05-06	"HMAYOR"	13	2	2	0
2020-05-06	"OCOA"	16	2	0	0
2020-05-06	"SD"	1875	60	382	0
2020-05-07	"DN"	2287	51	692	0
2020-05-07	"AZUA"	96	2	11	0
2020-05-07	"BAO"	3	0	1	0
2020-05-07	"BARA"	51	1	11	0
2020-05-07	"DJBON"	5	0	1	0
2020-05-07	"DTE"	710	77	227	0
2020-05-07	"EP"	6	0	1	0
2020-05-07	"SEIBO"	10	0	0	0
2020-05-07	"ESP"	331	8	37	0
2020-05-07	"IND"	2	1	1	0
2020-05-07	"ALT"	149	1	70	0
2020-05-07	"ROM"	233	6	44	0
2020-05-07	"VEGA"	656	22	141	0
2020-05-07	"MTS"	108	4	32	0
2020-05-07	"MC"	27	0	8	0
2020-05-07	"PED"	4	0	1	0
2020-05-07	"PERV"	73	1	20	0
2020-05-07	"PPLATA"	264	18	65	0
2020-05-07	"MIRABAL"	213	14	45	0
2020-05-07	"SAM"	26	1	13	0
2020-05-07	"SCBAL"	375	13	47	0
2020-05-07	"SJUAN"	84	3	9	0
2020-05-07	"SPM"	87	10	29	0
2020-05-07	"SRAM"	211	6	37	0
2020-05-07	"STGO"	1038	59	257	0
2020-05-07	"SROD"	39	1	8	0
2020-05-07	"VALV"	59	4	9	0
2020-05-07	"NOUEL"	228	4	42	0
2020-05-07	"MPLATA"	26	6	1	0
2020-05-07	"HMAYOR"	13	2	2	0
2020-05-07	"OCOA"	16	2	0	0
2020-05-07	"SD"	1946	63	424	0
2020-05-08	"DN"	2404	51	766	0
2020-05-08	"AZUA"	100	2	15	0
2020-05-08	"BAO"	3	0	1	0
2020-05-08	"BARA"	51	1	11	0
2020-05-08	"DJBON"	6	0	2	0
2020-05-08	"DTE"	720	78	253	0
2020-05-08	"EP"	7	0	2	0
2020-05-08	"SEIBO"	14	0	1	0
2020-05-08	"ESP"	365	8	41	0
2020-05-08	"IND"	2	1	1	0
2020-05-08	"ALT"	163	1	78	0
2020-05-08	"ROM"	251	7	52	0
2020-05-08	"VEGA"	723	22	146	0
2020-05-08	"MTS"	108	4	35	0
2020-05-08	"MC"	27	0	8	0
2020-05-08	"PED"	4	0	2	0
2020-05-08	"PERV"	74	1	22	0
2020-05-08	"PPLATA"	285	18	72	0
2020-05-08	"MIRABAL"	215	14	46	0
2020-05-08	"SAM"	28	1	14	0
2020-05-08	"SCBAL"	397	14	55	0
2020-05-08	"SJUAN"	84	3	19	0
2020-05-08	"SPM"	89	11	30	0
2020-05-08	"SRAM"	214	6	57	0
2020-05-08	"STGO"	1102	60	294	0
2020-05-08	"SROD"	39	1	8	0
2020-05-08	"VALV"	61	4	11	0
2020-05-08	"NOUEL"	248	4	52	0
2020-05-08	"MPLATA"	26	6	1	0
2020-05-08	"HMAYOR"	13	2	2	0
2020-05-08	"OCOA"	16	2	1	0
2020-05-08	"SD"	2043	63	486	0
2020-05-09	"DN"	2542	54	821	0
2020-05-09	"AZUA"	116	2	17	0
2020-05-09	"BAO"	5	0	1	0
2020-05-09	"BARA"	69	1	11	0
2020-05-09	"DJBON"	6	0	2	0
2020-05-09	"DTE"	736	78	263	0
2020-05-09	"EP"	7	0	2	0
2020-05-09	"SEIBO"	14	0	1	0
2020-05-09	"ESP"	372	8	46	0
2020-05-09	"IND"	2	1	1	0
2020-05-09	"ALT"	166	1	79	0
2020-05-09	"ROM"	259	7	54	0
2020-05-09	"VEGA"	742	22	174	0
2020-05-09	"MTS"	111	4	37	0
2020-05-09	"MC"	27	0	10	0
2020-05-09	"PED"	5	0	2	0
2020-05-09	"PERV"	76	1	23	0
2020-05-09	"PPLATA"	285	18	75	0
2020-05-09	"MIRABAL"	223	14	47	0
2020-05-09	"SAM"	28	1	14	0
2020-05-09	"SCBAL"	444	14	58	0
2020-05-09	"SJUAN"	86	3	19	0
2020-05-09	"SPM"	91	11	31	0
2020-05-09	"SRAM"	217	6	63	0
2020-05-09	"STGO"	1116	60	308	0
2020-05-09	"SROD"	41	1	10	0
2020-05-09	"VALV"	61	4	11	0
2020-05-09	"NOUEL"	250	4	57	0
2020-05-09	"MPLATA"	28	6	1	0
2020-05-09	"HMAYOR"	13	2	3	0
2020-05-09	"OCOA"	16	2	2	0
2020-05-09	"SD"	2193	63	520	0
2020-05-10	"DN"	2621	55	841	0
2020-05-10	"AZUA"	119	2	17	0
2020-05-10	"BAO"	6	0	1	0
2020-05-10	"BARA"	69	1	12	0
2020-05-10	"DJBON"	6	0	2	0
2020-05-10	"DTE"	737	79	272	0
2020-05-10	"EP"	7	0	2	0
2020-05-10	"SEIBO"	14	0	1	0
2020-05-10	"ESP"	404	8	46	0
2020-05-10	"IND"	3	1	1	0
2020-05-10	"ALT"	167	1	79	0
2020-05-10	"ROM"	259	7	54	0
2020-05-10	"VEGA"	745	22	184	0
2020-05-10	"MTS"	113	4	40	0
2020-05-10	"MC"	27	0	12	0
2020-05-10	"PED"	5	0	2	0
2020-05-10	"PERV"	78	2	23	0
2020-05-10	"PPLATA"	290	18	76	0
2020-05-10	"MIRABAL"	224	14	47	0
2020-05-10	"SAM"	28	1	14	0
2020-05-10	"SCBAL"	468	14	64	0
2020-05-10	"SJUAN"	89	3	22	0
2020-05-10	"SPM"	93	11	31	0
2020-05-10	"SRAM"	219	6	67	0
2020-05-10	"STGO"	1145	62	339	0
2020-05-10	"SROD"	42	1	11	0
2020-05-10	"VALV"	65	4	12	0
2020-05-10	"NOUEL"	262	4	57	0
2020-05-10	"MPLATA"	28	6	1	0
2020-05-10	"HMAYOR"	13	2	3	0
2020-05-10	"OCOA"	16	2	2	0
2020-05-10	"SD"	2272	63	535	0
2020-05-11	"DN"	2741	56	916	0
2020-05-11	"AZUA"	119	2	17	0
2020-05-11	"BAO"	6	1	1	0
2020-05-11	"BARA"	69	1	13	0
2020-05-11	"DJBON"	6	0	2	0
2020-05-11	"DTE"	737	79	281	0
2020-05-11	"EP"	7	0	2	0
2020-05-11	"SEIBO"	14	0	2	0
2020-05-11	"ESP"	430	8	65	0
2020-05-11	"IND"	3	1	1	0
2020-05-11	"ALT"	170	2	82	0
2020-05-11	"ROM"	264	7	58	0
2020-05-11	"VEGA"	750	22	220	0
2020-05-11	"MTS"	113	4	42	0
2020-05-11	"MC"	27	0	14	0
2020-05-11	"PED"	5	0	2	0
2020-05-11	"PERV"	81	2	24	0
2020-05-11	"PPLATA"	295	18	87	0
2020-05-11	"MIRABAL"	227	14	57	0
2020-05-11	"SAM"	28	1	14	0
2020-05-11	"SCBAL"	493	17	87	0
2020-05-11	"SJUAN"	89	4	32	0
2020-05-11	"SPM"	95	11	36	0
2020-05-11	"SRAM"	220	6	77	0
2020-05-11	"STGO"	1172	64	368	0
2020-05-11	"SROD"	42	1	14	0
2020-05-11	"VALV"	66	4	13	0
2020-05-11	"NOUEL"	270	4	71	0
2020-05-11	"MPLATA"	28	6	2	0
2020-05-11	"HMAYOR"	13	2	4	0
2020-05-11	"OCOA"	17	2	5	0
2020-05-11	"SD"	2303	63	612	0
2020-05-12	"DN"	2853	56	950	0
2020-05-12	"AZUA"	121	2	19	0
2020-05-12	"BAO"	6	1	1	0
2020-05-12	"BARA"	70	1	13	0
2020-05-12	"DJBON"	6	0	2	0
2020-05-12	"DTE"	739	81	293	0
2020-05-12	"EP"	7	0	2	0
2020-05-12	"SEIBO"	14	0	2	0
2020-05-12	"ESP"	431	8	67	0
2020-05-12	"IND"	3	1	1	0
2020-05-12	"ALT"	173	2	84	0
2020-05-12	"ROM"	271	7	61	0
2020-05-12	"VEGA"	751	22	224	0
2020-05-12	"MTS"	113	4	43	0
2020-05-12	"MC"	28	0	14	0
2020-05-12	"PED"	5	0	2	0
2020-05-12	"PERV"	84	3	24	0
2020-05-12	"PPLATA"	297	18	92	0
2020-05-12	"MIRABAL"	228	15	57	0
2020-05-12	"SAM"	28	1	14	0
2020-05-12	"SCBAL"	521	17	90	0
2020-05-12	"SJUAN"	90	5	32	0
2020-05-12	"SPM"	96	12	37	0
2020-05-12	"SRAM"	224	6	80	0
2020-05-12	"STGO"	1184	64	373	0
2020-05-12	"SROD"	42	1	14	0
2020-05-12	"VALV"	66	4	14	0
2020-05-12	"NOUEL"	275	4	73	0
2020-05-12	"MPLATA"	28	6	2	0
2020-05-12	"HMAYOR"	13	2	4	0
2020-05-12	"OCOA"	17	2	5	0
2020-05-12	"SD"	2412	64	650	0
2020-05-13	"DN"	2874	63	953	0
2020-05-13	"AZUA"	121	2	19	0
2020-05-13	"BAO"	6	1	1	0
2020-05-13	"BARA"	70	1	13	0
2020-05-13	"DJBON"	6	0	2	0
2020-05-13	"DTE"	742	82	294	0
2020-05-13	"EP"	7	0	2	0
2020-05-13	"SEIBO"	14	0	2	0
2020-05-13	"ESP"	454	8	68	0
2020-05-13	"IND"	3	1	1	0
2020-05-13	"ALT"	173	2	84	0
2020-05-13	"ROM"	274	7	61	0
2020-05-13	"VEGA"	751	23	224	0
2020-05-13	"MTS"	113	4	43	0
2020-05-13	"MC"	29	0	14	0
2020-05-13	"PED"	5	0	2	0
2020-05-13	"PERV"	85	3	25	0
2020-05-13	"PPLATA"	303	18	92	0
2020-05-13	"MIRABAL"	229	15	57	0
2020-05-13	"SAM"	28	1	14	0
2020-05-13	"SCBAL"	536	18	93	0
2020-05-13	"SJUAN"	90	5	32	0
2020-05-13	"SPM"	97	12	37	0
2020-05-13	"SRAM"	224	6	80	0
2020-05-13	"STGO"	1192	66	374	0
2020-05-13	"SROD"	43	1	14	0
2020-05-13	"VALV"	66	4	14	0
2020-05-13	"NOUEL"	275	4	74	0
2020-05-13	"MPLATA"	29	6	2	0
2020-05-13	"HMAYOR"	13	2	4	0
2020-05-13	"OCOA"	17	2	5	0
2020-05-13	"SD"	2451	65	652	0
2020-05-14	"DN"	3012	64	1009	0
2020-05-14	"AZUA"	131	2	19	0
2020-05-14	"BAO"	6	1	1	0
2020-05-14	"BARA"	72	1	13	0
2020-05-14	"DJBON"	6	0	2	0
2020-05-14	"DTE"	747	82	318	0
2020-05-14	"EP"	7	0	2	0
2020-05-14	"SEIBO"	14	0	2	0
2020-05-14	"ESP"	454	8	73	0
2020-05-14	"IND"	3	1	1	0
2020-05-14	"ALT"	180	2	88	0
2020-05-14	"ROM"	283	7	61	0
2020-05-14	"VEGA"	763	23	244	0
2020-05-14	"MTS"	114	4	48	0
2020-05-14	"MC"	29	0	14	0
2020-05-14	"PED"	5	0	2	0
2020-05-14	"PERV"	87	3	29	0
2020-05-14	"PPLATA"	310	18	97	0
2020-05-14	"MIRABAL"	231	15	61	0
2020-05-14	"SAM"	28	1	14	0
2020-05-14	"SCBAL"	564	18	96	0
2020-05-14	"SJUAN"	97	5	39	0
2020-05-14	"SPM"	98	12	40	0
2020-05-14	"SRAM"	229	6	82	0
2020-05-14	"STGO"	1211	66	400	0
2020-05-14	"SROD"	43	1	14	0
2020-05-14	"VALV"	67	4	14	0
2020-05-14	"NOUEL"	281	4	77	0
2020-05-14	"MPLATA"	29	6	2	0
2020-05-14	"HMAYOR"	13	2	4	0
2020-05-14	"OCOA"	17	2	5	0
2020-05-14	"SD"	2608	66	686	0
2020-05-15	"DN"	3107	64	1047	0
2020-05-15	"AZUA"	135	2	19	0
2020-05-15	"BAO"	6	1	1	0
2020-05-15	"BARA"	72	1	13	0
2020-05-15	"DJBON"	6	0	2	0
2020-05-15	"DTE"	759	84	339	0
2020-05-15	"EP"	7	0	2	0
2020-05-15	"SEIBO"	14	0	3	0
2020-05-15	"ESP"	461	8	76	0
2020-05-15	"IND"	3	1	1	0
2020-05-15	"ALT"	192	2	91	0
2020-05-15	"ROM"	291	7	64	0
2020-05-15	"VEGA"	774	23	258	0
2020-05-15	"MTS"	115	4	50	0
2020-05-15	"MC"	29	0	14	0
2020-05-15	"PED"	5	0	2	0
2020-05-15	"PERV"	87	3	30	0
2020-05-15	"PPLATA"	314	18	103	0
2020-05-15	"MIRABAL"	231	15	65	0
2020-05-15	"SAM"	28	1	14	0
2020-05-15	"SCBAL"	595	18	109	0
2020-05-15	"SJUAN"	98	5	39	0
2020-05-15	"SPM"	99	12	41	0
2020-05-15	"SRAM"	231	6	86	0
2020-05-15	"STGO"	1232	67	410	0
2020-05-15	"SROD"	43	1	14	0
2020-05-15	"VALV"	67	4	18	0
2020-05-15	"NOUEL"	289	4	79	0
2020-05-15	"MPLATA"	30	6	2	0
2020-05-15	"HMAYOR"	13	2	4	0
2020-05-15	"OCOA"	17	2	5	0
2020-05-15	"SD"	2760	67	725	0
2020-05-16	"DN"	3143	64	1527	0
2020-05-16	"AZUA"	138	2	42	0
2020-05-16	"BAO"	6	1	2	0
2020-05-16	"BARA"	73	1	16	0
2020-05-16	"DJBON"	6	0	2	0
2020-05-16	"DTE"	762	84	484	0
2020-05-16	"EP"	7	0	4	0
2020-05-16	"SEIBO"	14	0	3	0
2020-05-16	"ESP"	482	8	87	0
2020-05-16	"IND"	3	1	1	0
2020-05-16	"ALT"	197	2	118	0
2020-05-16	"ROM"	295	7	164	0
2020-05-16	"VEGA"	785	23	417	0
2020-05-16	"MTS"	116	4	74	0
2020-05-16	"MC"	31	0	16	0
2020-05-16	"PED"	5	0	2	0
2020-05-16	"PERV"	87	3	47	0
2020-05-16	"PPLATA"	314	18	189	0
2020-05-16	"MIRABAL"	234	15	108	0
2020-05-16	"SAM"	29	1	17	0
2020-05-16	"SCBAL"	633	18	197	0
2020-05-16	"SJUAN"	98	5	42	0
2020-05-16	"SPM"	99	12	48	0
2020-05-16	"SRAM"	232	6	114	0
2020-05-16	"STGO"	1244	67	719	0
2020-05-16	"SROD"	45	1	19	0
2020-05-16	"VALV"	69	4	21	0
2020-05-16	"NOUEL"	294	4	130	0
2020-05-16	"MPLATA"	30	6	2	0
2020-05-16	"HMAYOR"	13	2	5	0
2020-05-16	"OCOA"	19	2	7	0
2020-05-16	"SD"	2811	67	1223	0
2020-05-17	"DN"	3245	66	1705	0
2020-05-17	"AZUA"	143	2	63	0
2020-05-17	"BAO"	8	1	2	0
2020-05-17	"BARA"	80	1	30	0
2020-05-17	"DJBON"	6	0	2	0
2020-05-17	"DTE"	766	84	541	0
2020-05-17	"EP"	7	0	4	0
2020-05-17	"SEIBO"	15	0	4	0
2020-05-17	"ESP"	485	8	110	0
2020-05-17	"IND"	3	1	1	0
2020-05-17	"ALT"	206	2	131	0
2020-05-17	"ROM"	343	7	193	0
2020-05-17	"VEGA"	814	23	464	0
2020-05-17	"MTS"	118	4	92	0
2020-05-17	"MC"	31	0	16	0
2020-05-17	"PED"	5	0	2	0
2020-05-17	"PERV"	94	3	51	0
2020-05-17	"PPLATA"	320	18	197	0
2020-05-17	"MIRABAL"	235	15	125	0
2020-05-17	"SAM"	29	1	19	0
2020-05-17	"SCBAL"	655	18	219	0
2020-05-17	"SJUAN"	100	6	44	0
2020-05-17	"SPM"	101	12	53	0
2020-05-17	"SRAM"	232	6	129	0
2020-05-17	"STGO"	1264	69	784	0
2020-05-17	"SROD"	45	1	21	0
2020-05-17	"VALV"	69	4	28	0
2020-05-17	"NOUEL"	298	4	184	0
2020-05-17	"MPLATA"	31	6	3	0
2020-05-17	"HMAYOR"	13	2	7	0
2020-05-17	"OCOA"	19	2	7	0
2020-05-17	"SD"	2945	68	1382	0
2020-05-18	"DN"	3350	67	1741	0
2020-05-18	"AZUA"	147	2	68	0
2020-05-18	"BAO"	8	1	2	0
2020-05-18	"BARA"	82	1	32	0
2020-05-18	"DJBON"	6	0	2	0
2020-05-18	"DTE"	769	84	548	0
2020-05-18	"EP"	7	0	4	0
2020-05-18	"SEIBO"	15	0	4	0
2020-05-18	"ESP"	488	8	115	0
2020-05-18	"IND"	3	1	1	0
2020-05-18	"ALT"	221	2	135	0
2020-05-18	"ROM"	413	7	198	0
2020-05-18	"VEGA"	827	25	469	0
2020-05-18	"MTS"	121	4	93	0
2020-05-18	"MC"	31	0	17	0
2020-05-18	"PED"	5	0	2	0
2020-05-18	"PERV"	99	3	58	0
2020-05-18	"PPLATA"	332	18	206	0
2020-05-18	"MIRABAL"	235	15	125	0
2020-05-18	"SAM"	29	1	19	0
2020-05-18	"SCBAL"	708	18	238	0
2020-05-18	"SJUAN"	103	6	46	0
2020-05-18	"SPM"	105	12	54	0
2020-05-18	"SRAM"	234	6	129	0
2020-05-18	"STGO"	1304	71	803	0
2020-05-18	"SROD"	45	1	21	0
2020-05-18	"VALV"	71	4	29	0
2020-05-18	"NOUEL"	309	4	186	0
2020-05-18	"MPLATA"	31	6	3	0
2020-05-18	"HMAYOR"	13	2	7	0
2020-05-18	"OCOA"	19	2	7	0
2020-05-18	"SD"	3093	70	1423	0
2020-05-19	"DN"	3417	68	1805	0
2020-05-19	"AZUA"	151	2	68	0
2020-05-19	"BAO"	8	1	2	0
2020-05-19	"BARA"	87	1	35	0
2020-05-19	"DJBON"	6	0	2	0
2020-05-19	"DTE"	771	84	562	0
2020-05-19	"EP"	7	0	4	0
2020-05-19	"SEIBO"	15	0	4	0
2020-05-19	"ESP"	501	8	118	0
2020-05-19	"IND"	3	1	1	0
2020-05-19	"ALT"	226	2	140	0
2020-05-19	"ROM"	421	7	209	0
2020-05-19	"VEGA"	830	25	517	0
2020-05-19	"MTS"	121	4	94	0
2020-05-19	"MC"	31	0	17	0
2020-05-19	"PED"	5	0	2	0
2020-05-19	"PERV"	99	3	59	0
2020-05-19	"PPLATA"	332	18	220	0
2020-05-19	"MIRABAL"	235	15	125	0
2020-05-19	"SAM"	29	1	19	0
2020-05-19	"SCBAL"	733	18	272	0
2020-05-19	"SJUAN"	105	6	46	0
2020-05-19	"SPM"	107	13	54	0
2020-05-19	"SRAM"	240	7	132	0
2020-05-19	"STGO"	1314	71	852	0
2020-05-19	"SROD"	46	1	21	0
2020-05-19	"VALV"	79	4	36	0
2020-05-19	"NOUEL"	309	4	186	0
2020-05-19	"MPLATA"	35	6	5	0
2020-05-19	"HMAYOR"	13	2	7	0
2020-05-19	"OCOA"	19	2	7	0
2020-05-19	"SD"	3182	72	1521	0
2020-05-20	"DN"	3491	69	1874	0
2020-05-20	"AZUA"	160	2	69	0
2020-05-20	"BAO"	8	1	2	0
2020-05-20	"BARA"	93	1	35	0
2020-05-20	"DJBON"	6	0	2	0
2020-05-20	"DTE"	772	84	569	0
2020-05-20	"EP"	7	0	4	0
2020-05-20	"SEIBO"	15	0	4	0
2020-05-20	"ESP"	504	8	120	0
2020-05-20	"IND"	3	1	1	0
2020-05-20	"ALT"	226	2	144	0
2020-05-20	"ROM"	422	7	216	0
2020-05-20	"VEGA"	830	25	528	0
2020-05-20	"MTS"	121	4	98	0
2020-05-20	"MC"	31	0	18	0
2020-05-20	"PED"	5	0	2	0
2020-05-20	"PERV"	99	3	65	0
2020-05-20	"PPLATA"	334	18	222	0
2020-05-20	"MIRABAL"	235	15	128	0
2020-05-20	"SAM"	29	1	19	0
2020-05-20	"SCBAL"	743	18	293	0
2020-05-20	"SJUAN"	105	6	46	0
2020-05-20	"SPM"	109	13	53	0
2020-05-20	"SRAM"	240	7	133	0
2020-05-20	"STGO"	1316	71	871	0
2020-05-20	"SROD"	47	1	21	0
2020-05-20	"VALV"	79	5	39	0
2020-05-20	"NOUEL"	310	4	190	0
2020-05-20	"MPLATA"	35	6	6	0
2020-05-20	"HMAYOR"	13	2	7	0
2020-05-20	"OCOA"	20	2	9	0
2020-05-20	"SD"	3249	72	1578	0
2020-05-21	"DN"	3573	71	1938	16441
2020-05-21	"AZUA"	167	2	72	648
2020-05-21	"BAO"	8	1	2	63
2020-05-21	"BARA"	94	1	41	654
2020-05-21	"DJBON"	7	0	2	37
2020-05-21	"DTE"	773	84	572	3984
2020-05-21	"EP"	7	0	4	60
2020-05-21	"SEIBO"	15	0	5	65
2020-05-21	"ESP"	505	8	124	1452
2020-05-21	"IND"	4	1	1	14
2020-05-21	"ALT"	231	2	145	1618
2020-05-21	"ROM"	430	7	226	2037
2020-05-21	"VEGA"	836	27	536	3748
2020-05-21	"MTS"	121	4	100	781
2020-05-21	"MC"	31	1	18	165
2020-05-21	"PED"	5	0	2	18
2020-05-21	"PERV"	100	3	69	798
2020-05-21	"PPLATA"	338	18	225	1342
2020-05-21	"MIRABAL"	235	15	131	894
2020-05-21	"SAM"	29	1	20	137
2020-05-21	"SCBAL"	771	18	308	2649
2020-05-21	"SJUAN"	108	6	46	931
2020-05-21	"SPM"	119	13	56	794
2020-05-21	"SRAM"	242	8	133	1005
2020-05-21	"STGO"	1317	71	887	5314
2020-05-21	"SROD"	47	1	21	232
2020-05-21	"VALV"	79	5	41	298
2020-05-21	"NOUEL"	314	4	196	1168
2020-05-21	"MPLATA"	35	6	6	186
2020-05-21	"HMAYOR"	13	2	7	55
2020-05-21	"OCOA"	20	2	9	104
2020-05-21	"SD"	3392	74	1629	14692
2020-05-21	"NOESP"	23	0	0	1135
2020-05-22	"DN"	3720	71	2020	16916
2020-05-22	"AZUA"	173	2	76	697
2020-05-22	"BAO"	8	1	2	65
2020-05-22	"BARA"	95	1	41	661
2020-05-22	"DJBON"	7	0	2	41
2020-05-22	"DTE"	773	84	580	4019
2020-05-22	"EP"	7	0	4	63
2020-05-22	"SEIBO"	15	0	5	65
2020-05-22	"ESP"	528	8	132	1542
2020-05-22	"IND"	4	1	1	14
2020-05-22	"ALT"	241	2	157	1648
2020-05-22	"ROM"	440	7	240	2080
2020-05-22	"VEGA"	846	27	539	3829
2020-05-22	"MTS"	123	4	102	787
2020-05-22	"MC"	31	1	19	168
2020-05-22	"PED"	5	0	2	18
2020-05-22	"PERV"	100	3	73	800
2020-05-22	"PPLATA"	339	18	237	1355
2020-05-22	"MIRABAL"	236	15	133	901
2020-05-22	"SAM"	29	1	22	137
2020-05-22	"SCBAL"	778	18	325	2693
2020-05-22	"SJUAN"	112	6	47	972
2020-05-22	"SPM"	123	13	56	973
2020-05-22	"SRAM"	248	8	134	1025
2020-05-22	"STGO"	1334	71	920	5456
2020-05-22	"SROD"	47	1	21	233
2020-05-22	"VALV"	84	5	42	311
2020-05-22	"NOUEL"	321	4	205	1191
2020-05-22	"MPLATA"	35	6	6	188
2020-05-22	"HMAYOR"	13	2	7	58
2020-05-22	"OCOA"	20	2	9	104
2020-05-22	"SD"	3559	76	1694	15193
2020-05-22	"NOESP"	28	0	1	1152
2020-05-23	"DN"	3828	71	2088	17559
2020-05-23	"AZUA"	180	2	89	764
2020-05-23	"BAO"	8	1	3	65
2020-05-23	"BARA"	96	1	58	676
2020-05-23	"DJBON"	7	0	2	44
2020-05-23	"DTE"	774	84	591	4059
2020-05-23	"EP"	8	0	4	67
2020-05-23	"SEIBO"	18	0	5	81
2020-05-23	"ESP"	529	8	133	1550
2020-05-23	"IND"	5	1	1	17
2020-05-23	"ALT"	262	2	160	1754
2020-05-23	"ROM"	447	7	247	2172
2020-05-23	"VEGA"	858	27	545	4017
2020-05-23	"MTS"	126	4	104	821
2020-05-23	"MC"	31	1	20	172
2020-05-23	"PED"	6	0	2	23
2020-05-23	"PERV"	101	3	74	826
2020-05-23	"PPLATA"	343	18	238	1397
2020-05-23	"MIRABAL"	237	15	134	915
2020-05-23	"SAM"	31	1	22	152
2020-05-23	"SCBAL"	805	18	339	2822
2020-05-23	"SJUAN"	114	6	48	1016
2020-05-23	"SPM"	126	13	56	1028
2020-05-23	"SRAM"	248	8	136	1046
2020-05-23	"STGO"	1352	71	957	5723
2020-05-23	"SROD"	48	1	21	243
2020-05-23	"VALV"	84	5	43	315
2020-05-23	"NOUEL"	324	4	212	1220
2020-05-23	"MPLATA"	36	6	7	194
2020-05-23	"HMAYOR"	14	2	8	63
2020-05-23	"OCOA"	20	2	9	104
2020-05-23	"SD"	3698	76	1775	15843
2020-05-23	"NOESP"	37	0	2	1192
2020-05-24	"DN"	3890	71	2135	17876
2020-05-24	"AZUA"	186	2	90	791
2020-05-24	"BAO"	8	1	3	68
2020-05-24	"BARA"	97	1	58	683
2020-05-24	"DJBON"	7	0	2	46
2020-05-24	"DTE"	774	84	591	4112
2020-05-24	"EP"	8	0	4	69
2020-05-24	"SEIBO"	18	0	5	81
2020-05-24	"ESP"	531	8	143	1564
2020-05-24	"IND"	5	1	1	20
2020-05-24	"ALT"	278	2	161	1805
2020-05-24	"ROM"	453	9	247	2214
2020-05-24	"VEGA"	869	27	551	4180
2020-05-24	"MTS"	129	4	104	839
2020-05-24	"MC"	31	1	20	173
2020-05-24	"PED"	6	0	2	23
2020-05-24	"PERV"	104	3	75	862
2020-05-24	"PPLATA"	344	18	238	1415
2020-05-24	"MIRABAL"	238	15	136	953
2020-05-24	"SAM"	31	1	22	152
2020-05-24	"SCBAL"	817	18	346	2893
2020-05-24	"SJUAN"	117	6	48	1043
2020-05-24	"SPM"	128	13	56	1065
2020-05-24	"SRAM"	250	8	137	1070
2020-05-24	"STGO"	1372	71	974	5884
2020-05-24	"SROD"	48	1	21	243
2020-05-24	"VALV"	87	5	46	330
2020-05-24	"NOUEL"	330	4	218	1235
2020-05-24	"MPLATA"	36	6	7	199
2020-05-24	"HMAYOR"	14	2	8	63
2020-05-24	"OCOA"	20	2	9	104
2020-05-24	"SD"	3800	76	1825	16323
2020-05-24	"NOESP"	47	0	2	1230
2020-05-25	"DN"	3949	71	2242	18250
2020-05-25	"AZUA"	192	2	91	809
2020-05-25	"BAO"	8	1	3	69
2020-05-25	"BARA"	97	1	58	683
2020-05-25	"DJBON"	7	0	2	47
2020-05-25	"DTE"	775	84	600	4146
2020-05-25	"EP"	8	0	5	69
2020-05-25	"SEIBO"	18	0	5	81
2020-05-25	"ESP"	533	8	143	1574
2020-05-25	"IND"	5	1	1	20
2020-05-25	"ALT"	287	2	163	1847
2020-05-25	"ROM"	454	10	248	2222
2020-05-25	"VEGA"	871	27	554	4301
2020-05-25	"MTS"	130	4	104	849
2020-05-25	"MC"	32	1	22	173
2020-05-25	"PED"	6	0	2	23
2020-05-25	"PERV"	106	3	75	868
2020-05-25	"PPLATA"	345	21	236	1425
2020-05-25	"MIRABAL"	238	15	146	960
2020-05-25	"SAM"	31	1	22	156
2020-05-25	"SCBAL"	820	20	363	2914
2020-05-25	"SJUAN"	117	6	48	1052
2020-05-25	"SPM"	128	13	63	1069
2020-05-25	"SRAM"	250	8	139	1083
2020-05-25	"STGO"	1390	71	990	6034
2020-05-25	"SROD"	48	1	24	246
2020-05-25	"VALV"	87	5	47	336
2020-05-25	"NOUEL"	331	4	218	1248
2020-05-25	"MPLATA"	36	6	8	201
2020-05-25	"HMAYOR"	14	2	9	63
2020-05-25	"OCOA"	20	2	9	104
2020-05-25	"SD"	3883	78	1892	16814
2020-05-25	"NOESP"	48	0	2	1236
2020-05-26	"DN"	4047	72	2321	18785
2020-05-26	"AZUA"	203	2	92	864
2020-05-26	"BAO"	8	1	3	69
2020-05-26	"BARA"	138	1	66	759
2020-05-26	"DJBON"	7	0	2	49
2020-05-26	"DTE"	778	84	602	4208
2020-05-26	"EP"	8	0	5	68
2020-05-26	"SEIBO"	18	0	5	83
2020-05-26	"ESP"	533	8	161	1576
2020-05-26	"IND"	5	1	1	20
2020-05-26	"ALT"	309	2	166	1969
2020-05-26	"ROM"	457	10	256	2248
2020-05-26	"VEGA"	879	27	566	4353
2020-05-26	"MTS"	130	4	104	855
2020-05-26	"MC"	32	1	23	171
2020-05-26	"PED"	6	0	2	23
2020-05-26	"PERV"	107	3	76	888
2020-05-26	"PPLATA"	347	22	243	1449
2020-05-26	"MIRABAL"	238	15	146	962
2020-05-26	"SAM"	33	1	22	166
2020-05-26	"SCBAL"	859	20	375	3074
2020-05-26	"SJUAN"	117	6	48	1063
2020-05-26	"SPM"	129	13	63	1090
2020-05-26	"SRAM"	250	8	142	1085
2020-05-26	"STGO"	1409	71	1000	6218
2020-05-26	"SROD"	49	4	33	246
2020-05-26	"VALV"	88	6	47	337
2020-05-26	"NOUEL"	332	4	223	1254
2020-05-26	"MPLATA"	37	6	8	207
2020-05-26	"HMAYOR"	14	2	9	63
2020-05-26	"OCOA"	22	2	9	119
2020-05-26	"SD"	4034	78	1969	17448
2020-05-26	"NOESP"	100	0	2	1352
2020-05-27	"DN"	4135	74	2341	19210
2020-05-27	"AZUA"	203	2	92	866
2020-05-27	"BAO"	8	1	3	69
2020-05-27	"BARA"	143	1	66	759
2020-05-27	"DJBON"	7	0	3	50
2020-05-27	"DTE"	781	84	614	4228
2020-05-27	"EP"	8	0	5	68
2020-05-27	"SEIBO"	19	0	5	86
2020-05-27	"ESP"	549	8	177	1644
2020-05-27	"IND"	5	1	1	21
2020-05-27	"ALT"	340	2	171	2075
2020-05-27	"ROM"	469	10	256	2250
2020-05-27	"VEGA"	887	28	571	4433
2020-05-27	"MTS"	130	4	104	857
2020-05-27	"MC"	32	1	24	174
2020-05-27	"PED"	6	0	2	23
2020-05-27	"PERV"	107	3	77	890
2020-05-27	"PPLATA"	349	23	243	1452
2020-05-27	"MIRABAL"	238	15	152	962
2020-05-27	"SAM"	33	1	24	166
2020-05-27	"SCBAL"	910	21	398	3211
2020-05-27	"SJUAN"	119	6	54	1085
2020-05-27	"SPM"	130	13	63	1093
2020-05-27	"SRAM"	251	8	157	1090
2020-05-27	"STGO"	1416	73	1014	6275
2020-05-27	"SROD"	49	4	34	247
2020-05-27	"VALV"	88	6	47	337
2020-05-27	"NOUEL"	336	4	224	1271
2020-05-27	"MPLATA"	37	6	10	211
2020-05-27	"HMAYOR"	14	2	9	63
2020-05-27	"OCOA"	22	2	9	120
2020-05-27	"SD"	4148	82	2000	17929
2020-05-27	"NOESP"	99	0	2	1397
2020-05-28	"DN"	4268	74	2416	19856
2020-05-28	"AZUA"	218	2	97	909
2020-05-28	"BAO"	8	1	3	69
2020-05-28	"BARA"	160	2	66	786
2020-05-28	"DJBON"	7	0	3	51
2020-05-28	"DTE"	785	84	623	4326
2020-05-28	"EP"	8	0	6	68
2020-05-28	"SEIBO"	25	0	5	99
2020-05-28	"ESP"	550	8	192	1649
2020-05-28	"IND"	7	1	1	23
2020-05-28	"ALT"	354	2	172	2168
2020-05-28	"ROM"	479	10	258	2287
2020-05-28	"VEGA"	889	28	578	4502
2020-05-28	"MTS"	137	4	105	891
2020-05-28	"MC"	32	1	24	176
2020-05-28	"PED"	6	0	2	23
2020-05-28	"PERV"	108	3	78	904
2020-05-28	"PPLATA"	351	23	251	1468
2020-05-28	"MIRABAL"	238	15	162	967
2020-05-28	"SAM"	33	1	24	173
2020-05-28	"SCBAL"	950	21	427	3338
2020-05-28	"SJUAN"	119	6	59	1086
2020-05-28	"SPM"	132	13	63	1114
2020-05-28	"SRAM"	251	8	164	1105
2020-05-28	"STGO"	1434	75	1030	6432
2020-05-28	"SROD"	49	4	35	248
2020-05-28	"VALV"	88	6	47	339
2020-05-28	"NOUEL"	340	4	229	1290
2020-05-28	"MPLATA"	37	6	10	266
2020-05-28	"HMAYOR"	14	2	11	63
2020-05-28	"OCOA"	22	2	12	125
2020-05-28	"SD"	4322	82	2111	18691
2020-05-28	"NOESP"	110	0	2	1438
2020-05-29	"DN"	4350	74	2481	20302
2020-05-29	"AZUA"	245	5	100	992
2020-05-29	"BAO"	8	1	3	70
2020-05-29	"BARA"	166	4	73	824
2020-05-29	"DJBON"	7	0	4	51
2020-05-29	"DTE"	788	84	637	4366
2020-05-29	"EP"	8	0	6	71
2020-05-29	"SEIBO"	25	0	6	99
2020-05-29	"ESP"	563	8	204	1715
2020-05-29	"IND"	10	1	1	28
2020-05-29	"ALT"	365	2	173	2295
2020-05-29	"ROM"	487	10	263	2375
2020-05-29	"VEGA"	896	28	615	4661
2020-05-29	"MTS"	140	4	107	915
2020-05-29	"MC"	33	1	24	180
2020-05-29	"PED"	7	0	2	25
2020-05-29	"PERV"	109	3	78	921
2020-05-29	"PPLATA"	362	25	253	1493
2020-05-29	"MIRABAL"	239	15	167	986
2020-05-29	"SAM"	35	1	24	187
2020-05-29	"SCBAL"	998	21	431	3458
2020-05-29	"SJUAN"	123	6	60	1129
2020-05-29	"SPM"	137	13	65	1139
2020-05-29	"SRAM"	251	8	186	1109
2020-05-29	"STGO"	1446	75	1043	6595
2020-05-29	"SROD"	50	4	36	260
2020-05-29	"VALV"	104	6	54	383
2020-05-29	"NOUEL"	342	4	244	1352
2020-05-29	"MPLATA"	37	6	11	298
2020-05-29	"HMAYOR"	14	2	11	63
2020-05-29	"OCOA"	22	2	12	125
2020-05-29	"SD"	4408	85	2182	19189
2020-05-29	"NOESP"	133	0	1	1516
2020-05-30	"DN"	4435	74	2754	20916
2020-05-30	"AZUA"	267	8	116	1072
2020-05-30	"BAO"	8	1	5	71
2020-05-30	"BARA"	173	4	80	886
2020-05-30	"DJBON"	7	0	4	52
2020-05-30	"DTE"	794	84	656	4463
2020-05-30	"EP"	8	0	6	74
2020-05-30	"SEIBO"	25	0	7	100
2020-05-30	"ESP"	563	8	274	1728
2020-05-30	"IND"	10	1	1	28
2020-05-30	"ALT"	380	2	192	2396
2020-05-30	"ROM"	498	10	277	2485
2020-05-30	"VEGA"	903	28	657	4779
2020-05-30	"MTS"	141	4	109	924
2020-05-30	"MC"	33	1	24	180
2020-05-30	"PED"	8	0	3	28
2020-05-30	"PERV"	109	3	81	927
2020-05-30	"PPLATA"	365	25	267	1509
2020-05-30	"MIRABAL"	239	15	191	992
2020-05-30	"SAM"	35	1	24	187
2020-05-30	"SCBAL"	1016	21	481	3582
2020-05-30	"SJUAN"	124	7	78	1146
2020-05-30	"SPM"	141	13	74	1190
2020-05-30	"SRAM"	254	8	193	1124
2020-05-30	"STGO"	1465	75	1102	6760
2020-05-30	"SROD"	50	4	36	262
2020-05-30	"VALV"	106	6	57	405
2020-05-30	"NOUEL"	342	4	252	1373
2020-05-30	"MPLATA"	38	6	16	301
2020-05-30	"HMAYOR"	14	2	11	68
2020-05-30	"OCOA"	25	2	14	141
2020-05-30	"SD"	4522	85	2516	19789
2020-05-30	"NOESP"	187	0	1	1709
2020-05-31	"DN"	4489	74	2825	21262
2020-05-31	"AZUA"	284	8	118	1123
2020-05-31	"BAO"	9	1	5	74
2020-05-31	"BARA"	176	4	84	912
2020-05-31	"DJBON"	7	0	4	52
2020-05-31	"DTE"	796	84	658	4517
2020-05-31	"EP"	8	0	6	74
2020-05-31	"SEIBO"	25	0	7	101
2020-05-31	"ESP"	565	8	276	1742
2020-05-31	"IND"	10	1	1	30
2020-05-31	"ALT"	391	2	198	2476
2020-05-31	"ROM"	500	10	351	2510
2020-05-31	"VEGA"	912	28	666	4846
2020-05-31	"MTS"	142	4	109	929
2020-05-31	"MC"	33	1	24	180
2020-05-31	"PED"	8	0	3	28
2020-05-31	"PERV"	111	3	89	967
2020-05-31	"PPLATA"	371	25	273	1530
2020-05-31	"MIRABAL"	239	15	192	996
2020-05-31	"SAM"	35	1	24	188
2020-05-31	"SCBAL"	1040	21	493	3690
2020-05-31	"SJUAN"	132	7	81	1194
2020-05-31	"SPM"	141	13	77	1212
2020-05-31	"SRAM"	254	8	194	1133
2020-05-31	"STGO"	1474	75	1116	6933
2020-05-31	"SROD"	50	4	36	262
2020-05-31	"VALV"	106	6	57	414
2020-05-31	"NOUEL"	344	4	258	1396
2020-05-31	"MPLATA"	38	6	16	305
2020-05-31	"HMAYOR"	14	2	11	70
2020-05-31	"OCOA"	25	2	14	141
2020-05-31	"SD"	4638	85	2626	20424
2020-05-31	"NOESP"	205	0	1	1733
2020-06-01	"DN"	4542	75	2854	21585
2020-06-01	"AZUA"	293	8	120	1138
2020-06-01	"BAO"	9	1	5	76
2020-06-01	"BARA"	180	4	84	1002
2020-06-01	"DJBON"	7	0	4	52
2020-06-01	"DTE"	796	84	661	4532
2020-06-01	"EP"	8	0	6	75
2020-06-01	"SEIBO"	25	0	7	102
2020-06-01	"ESP"	565	8	276	1744
2020-06-01	"IND"	11	1	1	31
2020-06-01	"ALT"	397	2	203	2512
2020-06-01	"ROM"	501	10	383	2521
2020-06-01	"VEGA"	918	28	667	4938
2020-06-01	"MTS"	145	4	110	937
2020-06-01	"MC"	33	1	24	180
2020-06-01	"PED"	8	0	3	32
2020-06-01	"PERV"	111	3	90	972
2020-06-01	"PPLATA"	373	26	274	1542
2020-06-01	"MIRABAL"	239	15	193	997
2020-06-01	"SAM"	35	1	24	188
2020-06-01	"SCBAL"	1050	23	518	3735
2020-06-01	"SJUAN"	132	7	81	1194
2020-06-01	"SPM"	141	13	77	1212
2020-06-01	"SRAM"	255	8	195	1146
2020-06-01	"STGO"	1487	76	1122	7086
2020-06-01	"SROD"	50	4	36	262
2020-06-01	"VALV"	109	9	57	420
2020-06-01	"NOUEL"	345	4	261	1406
2020-06-01	"MPLATA"	39	7	16	306
2020-06-01	"HMAYOR"	15	2	11	71
2020-06-01	"OCOA"	25	2	14	148
2020-06-01	"SD"	4700	89	2697	20758
2020-06-01	"NOESP"	208	0	1	1738
2020-06-02	"DN"	4612	75	2896	22073
2020-06-02	"AZUA"	297	8	120	1148
2020-06-02	"BAO"	9	1	5	76
2020-06-02	"BARA"	180	4	84	1004
2020-06-02	"DJBON"	7	0	4	55
2020-06-02	"DTE"	799	84	661	4574
2020-06-02	"EP"	8	0	6	77
2020-06-02	"SEIBO"	26	0	7	109
2020-06-02	"ESP"	565	8	276	1746
2020-06-02	"IND"	11	1	1	31
2020-06-02	"ALT"	408	2	215	2567
2020-06-02	"ROM"	511	10	400	2555
2020-06-02	"VEGA"	923	28	671	4989
2020-06-02	"MTS"	145	4	111	937
2020-06-02	"MC"	33	1	24	181
2020-06-02	"PED"	8	0	3	32
2020-06-02	"PERV"	111	3	91	978
2020-06-02	"PPLATA"	376	26	276	1577
2020-06-02	"MIRABAL"	239	15	193	998
2020-06-02	"SAM"	38	1	24	201
2020-06-02	"SCBAL"	1063	24	526	3826
2020-06-02	"SJUAN"	134	7	81	1224
2020-06-02	"SPM"	143	13	77	1237
2020-06-02	"SRAM"	255	8	195	1154
2020-06-02	"STGO"	1500	76	1132	7162
2020-06-02	"SROD"	50	4	36	262
2020-06-02	"VALV"	109	9	57	420
2020-06-02	"NOUEL"	345	4	264	1408
2020-06-02	"MPLATA"	40	7	17	309
2020-06-02	"HMAYOR"	15	2	11	71
2020-06-02	"OCOA"	25	2	14	148
2020-06-02	"SD"	4808	89	2743	21312
2020-06-02	"NOESP"	247	0	3	1844
2020-06-03	"DN"	4663	76	2966	22588
2020-06-03	"AZUA"	314	8	123	1228
2020-06-03	"BAO"	9	1	5	77
2020-06-03	"BARA"	181	4	89	1017
2020-06-03	"DJBON"	7	0	4	55
2020-06-03	"DTE"	800	84	665	4614
2020-06-03	"EP"	8	0	6	78
2020-06-03	"SEIBO"	26	0	7	109
2020-06-03	"ESP"	578	8	276	1798
2020-06-03	"IND"	11	1	1	31
2020-06-03	"ALT"	414	2	218	2598
2020-06-03	"ROM"	511	10	409	2560
2020-06-03	"VEGA"	923	29	672	5012
2020-06-03	"MTS"	145	4	111	939
2020-06-03	"MC"	34	1	24	185
2020-06-03	"PED"	11	0	3	37
2020-06-03	"PERV"	111	3	91	989
2020-06-03	"PPLATA"	376	26	278	1581
2020-06-03	"MIRABAL"	240	15	193	999
2020-06-03	"SAM"	38	1	24	203
2020-06-03	"SCBAL"	1087	24	542	3962
2020-06-03	"SJUAN"	139	7	83	1245
2020-06-03	"SPM"	144	13	78	1241
2020-06-03	"SRAM"	255	8	199	1162
2020-06-03	"STGO"	1505	76	1143	7203
2020-06-03	"SROD"	52	4	37	274
2020-06-03	"VALV"	127	9	63	479
2020-06-03	"NOUEL"	346	4	266	1427
2020-06-03	"MPLATA"	40	7	19	312
2020-06-03	"HMAYOR"	15	2	11	72
2020-06-03	"OCOA"	30	2	14	154
2020-06-03	"SD"	4922	91	2851	21940
2020-06-03	"NOESP"	257	0	3	1887
2020-06-04	"DN"	4765	79	3043	23061
2020-06-04	"AZUA"	336	8	133	1306
2020-06-04	"BAO"	9	1	5	78
2020-06-04	"BARA"	185	4	95	1037
2020-06-04	"DJBON"	7	0	5	55
2020-06-04	"DTE"	800	84	666	4666
2020-06-04	"EP"	8	0	6	81
2020-06-04	"SEIBO"	26	0	7	110
2020-06-04	"ESP"	590	8	288	1883
2020-06-04	"IND"	11	1	1	31
2020-06-04	"ALT"	423	2	218	2636
2020-06-04	"ROM"	521	10	418	2604
2020-06-04	"VEGA"	929	29	676	5103
2020-06-04	"MTS"	146	4	112	957
2020-06-04	"MC"	34	1	24	186
2020-06-04	"PED"	11	0	3	37
2020-06-04	"PERV"	113	3	91	1006
2020-06-04	"PPLATA"	379	26	281	1603
2020-06-04	"MIRABAL"	240	15	193	1021
2020-06-04	"SAM"	38	1	24	205
2020-06-04	"SCBAL"	1109	24	565	4057
2020-06-04	"SJUAN"	149	7	85	1298
2020-06-04	"SPM"	145	13	89	1259
2020-06-04	"SRAM"	257	8	199	1180
2020-06-04	"STGO"	1526	76	1153	7345
2020-06-04	"SROD"	52	4	37	275
2020-06-04	"VALV"	127	9	63	479
2020-06-04	"NOUEL"	348	4	269	1468
2020-06-04	"MPLATA"	40	7	19	313
2020-06-04	"HMAYOR"	15	2	11	73
2020-06-04	"OCOA"	30	2	14	155
2020-06-04	"SD"	5056	93	2940	22610
2020-06-04	"NOESP"	283	0	3	1963
2020-06-05	"DN"	4834	79	3095	23521
2020-06-05	"AZUA"	346	9	136	1323
2020-06-05	"BAO"	13	1	5	94
2020-06-05	"BARA"	220	4	97	1153
2020-06-05	"DJBON"	7	0	5	55
2020-06-05	"DTE"	801	84	666	4722
2020-06-05	"EP"	8	0	6	81
2020-06-05	"SEIBO"	27	0	7	131
2020-06-05	"ESP"	590	8	289	1883
2020-06-05	"IND"	19	1	1	45
2020-06-05	"ALT"	448	2	227	2737
2020-06-05	"ROM"	525	10	417	2629
2020-06-05	"VEGA"	945	29	682	5229
2020-06-05	"MTS"	146	4	112	968
2020-06-05	"MC"	34	1	25	197
2020-06-05	"PED"	11	0	3	37
2020-06-05	"PERV"	114	4	93	1008
2020-06-05	"PPLATA"	387	29	285	1619
2020-06-05	"MIRABAL"	240	15	193	1023
2020-06-05	"SAM"	38	1	24	205
2020-06-05	"SCBAL"	1162	25	580	4231
2020-06-05	"SJUAN"	149	7	86	1298
2020-06-05	"SPM"	148	13	90	1296
2020-06-05	"SRAM"	258	8	200	1184
2020-06-05	"STGO"	1538	76	1159	7461
2020-06-05	"SROD"	52	4	37	295
2020-06-05	"VALV"	127	9	65	484
2020-06-05	"NOUEL"	348	4	271	1468
2020-06-05	"MPLATA"	41	7	19	315
2020-06-05	"HMAYOR"	15	2	11	74
2020-06-05	"OCOA"	34	2	14	181
2020-06-05	"SD"	5174	98	3016	23013
2020-06-05	"NOESP"	396	0	3	2260
